{"timestamp":"2026-09-25T05:53:18+02:00","action":"service_plan_create","actor_id":1,"target_id":1,"ip":"CLI","details":{"title":"Thánh Lễ Chúa Nhật","scheduled_date":"2026-10-04","status":"draft"}}
{"timestamp":"2026-09-25T06:05:39+02:00","action":"service_plan_create","actor_id":2,"target_id":1,"ip":"CLI","details":{"title":"Chúa Nhật Phục Sinh","scheduled_date":"2026-04-12","status":"draft"}}
{"timestamp":"2026-09-25T06:05:39+02:00","action":"service_plan_create","actor_id":1,"target_id":1,"ip":"CLI","details":{"title":"Thánh Lễ Chúa Nhật","scheduled_date":"2026-10-04","status":"draft"}}
{"timestamp":"2026-09-25T06:21:06+02:00","action":"service_plan_create","actor_id":1,"target_id":1,"ip":"CLI","details":{"title":"Thánh Lễ Chúa Nhật","scheduled_date":"2026-10-04","status":"draft"}}
{"timestamp":"2026-09-25T06:22:11+02:00","action":"service_plan_create","actor_id":2,"target_id":1,"ip":"CLI","details":{"title":"Chúa Nhật Phục Sinh","scheduled_date":"2026-04-12","status":"draft"}}
{"timestamp":"2026-09-25T06:22:12+02:00","action":"service_plan_create","actor_id":1,"target_id":1,"ip":"CLI","details":{"title":"Thánh Lễ Chúa Nhật","scheduled_date":"2026-10-04","status":"draft"}}
{"timestamp":"2026-09-25T06:24:56+02:00","action":"service_plan_create","actor_id":2,"target_id":1,"ip":"CLI","details":{"title":"Chúa Nhật Phục Sinh","scheduled_date":"2026-04-12","status":"draft"}}
{"timestamp":"2026-09-25T06:24:57+02:00","action":"service_plan_create","actor_id":1,"target_id":1,"ip":"CLI","details":{"title":"Thánh Lễ Chúa Nhật","scheduled_date":"2026-10-04","status":"draft"}}
{"timestamp":"2026-09-25T06:50:09+02:00","action":"service_plan_create","actor_id":2,"target_id":1,"ip":"CLI","details":{"title":"Chúa Nhật Phục Sinh","scheduled_date":"2026-04-12","status":"draft"}}
{"timestamp":"2026-09-25T06:50:09+02:00","action":"service_plan_create","actor_id":1,"target_id":1,"ip":"CLI","details":{"title":"Thánh Lễ Chúa Nhật","scheduled_date":"2026-10-04","status":"draft"}}
{"timestamp":"2026-09-25T07:43:58+02:00","action":"service_plan_create","actor_id":2,"target_id":1,"ip":"CLI","details":{"title":"Chúa Nhật Phục Sinh","scheduled_date":"2026-04-12","status":"draft"}}
{"timestamp":"2026-09-25T07:43:58+02:00","action":"service_plan_create","actor_id":1,"target_id":1,"ip":"CLI","details":{"title":"Thánh Lễ Chúa Nhật","scheduled_date":"2026-10-04","status":"draft"}}
{"timestamp":"2026-09-25T07:59:50+02:00","action":"service_plan_create","actor_id":2,"target_id":1,"ip":"CLI","details":{"title":"Chúa Nhật Phục Sinh","scheduled_date":"2026-04-12","status":"draft"}}
{"timestamp":"2026-09-25T07:59:50+02:00","action":"service_plan_create","actor_id":1,"target_id":1,"ip":"CLI","details":{"title":"Thánh Lễ Chúa Nhật","scheduled_date":"2026-10-04","status":"draft"}}
{"timestamp":"2026-09-25T08:10:49+02:00","action":"service_plan_create","actor_id":2,"target_id":1,"ip":"CLI","details":{"title":"Chúa Nhật Phục Sinh","scheduled_date":"2026-04-12","status":"draft"}}
{"timestamp":"2026-09-25T08:10:50+02:00","action":"service_plan_create","actor_id":1,"target_id":1,"ip":"CLI","details":{"title":"Thánh Lễ Chúa Nhật","scheduled_date":"2026-10-04","status":"draft"}}
{"timestamp":"2026-09-25T08:13:04+02:00","action":"service_plan_create","actor_id":2,"target_id":1,"ip":"CLI","details":{"title":"Chúa Nhật Phục Sinh","scheduled_date":"2026-04-12","status":"draft"}}
{"timestamp":"2026-09-25T08:13:04+02:00","action":"service_plan_create","actor_id":1,"target_id":1,"ip":"CLI","details":{"title":"Thánh Lễ Chúa Nhật","scheduled_date":"2026-10-04","status":"draft"}}
{"timestamp":"2026-09-25T08:40:43+02:00","action":"service_plan_create","actor_id":2,"target_id":1,"ip":"CLI","details":{"title":"Chúa Nhật Phục Sinh","scheduled_date":"2026-04-12","status":"draft"}}
{"timestamp":"2026-09-25T08:40:43+02:00","action":"service_plan_create","actor_id":1,"target_id":1,"ip":"CLI","details":{"title":"Thánh Lễ Chúa Nhật","scheduled_date":"2026-10-04","status":"draft"}}
{"timestamp":"2026-09-25T08:43:17+02:00","action":"service_plan_create","actor_id":2,"target_id":1,"ip":"CLI","details":{"title":"Chúa Nhật Phục Sinh","scheduled_date":"2026-04-12","status":"draft"}}
{"timestamp":"2026-09-25T08:43:17+02:00","action":"service_plan_create","actor_id":1,"target_id":1,"ip":"CLI","details":{"title":"Thánh Lễ Chúa Nhật","scheduled_date":"2026-10-04","status":"draft"}}
{"timestamp":"2026-09-25T10:18:03+02:00","action":"service_plan_create","actor_id":2,"target_id":1,"ip":"CLI","details":{"title":"Chúa Nhật Phục Sinh","scheduled_date":"2026-04-12","status":"draft"}}
{"timestamp":"2026-09-25T10:18:03+02:00","action":"service_plan_create","actor_id":1,"target_id":1,"ip":"CLI","details":{"title":"Thánh Lễ Chúa Nhật","scheduled_date":"2026-10-04","status":"draft"}}
{"timestamp":"2026-09-25T10:39:02+02:00","action":"service_plan_create","actor_id":2,"target_id":1,"ip":"CLI","details":{"title":"Chúa Nhật Phục Sinh","scheduled_date":"2026-04-12","status":"draft"}}
{"timestamp":"2026-09-25T10:39:02+02:00","action":"service_plan_create","actor_id":1,"target_id":1,"ip":"CLI","details":{"title":"Thánh Lễ Chúa Nhật","scheduled_date":"2026-10-04","status":"draft"}}
{"timestamp":"2026-09-25T11:22:00+02:00","action":"service_plan_create","actor_id":2,"target_id":1,"ip":"CLI","details":{"title":"Chúa Nhật Phục Sinh","scheduled_date":"2026-04-12","status":"draft"}}
{"timestamp":"2026-09-25T11:22:01+02:00","action":"service_plan_create","actor_id":1,"target_id":1,"ip":"CLI","details":{"title":"Thánh Lễ Chúa Nhật","scheduled_date":"2026-10-04","status":"draft"}}
{"timestamp":"2026-09-25T11:38:07+02:00","action":"service_plan_create","actor_id":2,"target_id":1,"ip":"CLI","details":{"title":"Chúa Nhật Phục Sinh","scheduled_date":"2026-04-12","status":"draft"}}
{"timestamp":"2026-09-25T11:38:08+02:00","action":"service_plan_create","actor_id":1,"target_id":1,"ip":"CLI","details":{"title":"Thánh Lễ Chúa Nhật","scheduled_date":"2026-10-04","status":"draft"}}
{"timestamp":"2026-09-25T11:43:01+02:00","action":"service_plan_create","actor_id":2,"target_id":1,"ip":"CLI","details":{"title":"Chúa Nhật Phục Sinh","scheduled_date":"2026-04-12","status":"draft"}}
{"timestamp":"2026-09-25T11:43:02+02:00","action":"service_plan_create","actor_id":1,"target_id":1,"ip":"CLI","details":{"title":"Thánh Lễ Chúa Nhật","scheduled_date":"2026-10-04","status":"draft"}}
{"timestamp":"2026-09-25T11:53:39+02:00","action":"service_plan_create","actor_id":2,"target_id":1,"ip":"CLI","details":{"title":"Chúa Nhật Phục Sinh","scheduled_date":"2026-04-12","status":"draft"}}
{"timestamp":"2026-09-25T11:55:28+02:00","action":"service_plan_create","actor_id":2,"target_id":1,"ip":"CLI","details":{"title":"Chúa Nhật Phục Sinh","scheduled_date":"2026-04-12","status":"draft"}}
{"timestamp":"2026-09-25T11:55:42+02:00","action":"service_plan_create","actor_id":1,"target_id":1,"ip":"CLI","details":{"title":"Thánh Lễ Chúa Nhật","scheduled_date":"2026-10-04","status":"draft"}}
{"timestamp":"2026-09-25T11:57:02+02:00","action":"service_plan_create","actor_id":2,"target_id":1,"ip":"CLI","details":{"title":"Chúa Nhật Phục Sinh","scheduled_date":"2026-04-12","status":"draft"}}
{"timestamp":"2026-09-25T11:57:15+02:00","action":"service_plan_create","actor_id":1,"target_id":1,"ip":"CLI","details":{"title":"Thánh Lễ Chúa Nhật","scheduled_date":"2026-10-04","status":"draft"}}
{"timestamp":"2026-09-25T11:57:47+02:00","action":"service_plan_create","actor_id":2,"target_id":1,"ip":"CLI","details":{"title":"Chúa Nhật Phục Sinh","scheduled_date":"2026-04-12","status":"draft"}}
{"timestamp":"2026-09-25T11:58:01+02:00","action":"service_plan_create","actor_id":1,"target_id":1,"ip":"CLI","details":{"title":"Thánh Lễ Chúa Nhật","scheduled_date":"2026-10-04","status":"draft"}}
{"timestamp":"2026-09-25T11:58:19+02:00","action":"service_plan_create","actor_id":2,"target_id":1,"ip":"CLI","details":{"title":"Chúa Nhật Phục Sinh","scheduled_date":"2026-04-12","status":"draft"}}
{"timestamp":"2026-09-25T11:58:30+02:00","action":"service_plan_create","actor_id":1,"target_id":1,"ip":"CLI","details":{"title":"Thánh Lễ Chúa Nhật","scheduled_date":"2026-10-04","status":"draft"}}
{"timestamp":"2026-09-25T16:20:57+02:00","action":"service_plan_create","actor_id":2,"target_id":1,"ip":"CLI","details":{"title":"Chúa Nhật Phục Sinh","scheduled_date":"2026-04-12","status":"draft"}}
{"timestamp":"2026-09-25T16:21:18+02:00","action":"service_plan_create","actor_id":1,"target_id":1,"ip":"CLI","details":{"title":"Thánh Lễ Chúa Nhật","scheduled_date":"2026-10-04","status":"draft"}}
{"timestamp":"2026-09-25T16:22:31+02:00","action":"service_plan_create","actor_id":2,"target_id":1,"ip":"CLI","details":{"title":"Chúa Nhật Phục Sinh","scheduled_date":"2026-04-12","status":"draft"}}
{"timestamp":"2026-09-25T16:22:55+02:00","action":"service_plan_create","actor_id":1,"target_id":1,"ip":"CLI","details":{"title":"Thánh Lễ Chúa Nhật","scheduled_date":"2026-10-04","status":"draft"}}
{"timestamp":"2026-09-25T16:40:45+02:00","action":"service_plan_create","actor_id":2,"target_id":1,"ip":"CLI","details":{"title":"Chúa Nhật Phục Sinh","scheduled_date":"2026-04-12","status":"draft"}}
{"timestamp":"2026-09-25T16:41:06+02:00","action":"service_plan_create","actor_id":1,"target_id":1,"ip":"CLI","details":{"title":"Thánh Lễ Chúa Nhật","scheduled_date":"2026-10-04","status":"draft"}}
{"timestamp":"2026-09-25T16:42:02+02:00","action":"service_plan_create","actor_id":2,"target_id":1,"ip":"CLI","details":{"title":"Chúa Nhật Phục Sinh","scheduled_date":"2026-04-12","status":"draft"}}
{"timestamp":"2026-09-25T16:42:24+02:00","action":"service_plan_create","actor_id":1,"target_id":1,"ip":"CLI","details":{"title":"Thánh Lễ Chúa Nhật","scheduled_date":"2026-10-04","status":"draft"}}
{"timestamp":"2026-09-25T16:53:14+02:00","action":"service_plan_create","actor_id":2,"target_id":1,"ip":"CLI","details":{"title":"Chúa Nhật Phục Sinh","scheduled_date":"2026-04-12","status":"draft"}}
{"timestamp":"2026-09-25T16:53:34+02:00","action":"service_plan_create","actor_id":1,"target_id":1,"ip":"CLI","details":{"title":"Thánh Lễ Chúa Nhật","scheduled_date":"2026-10-04","status":"draft"}}
{"timestamp":"2026-09-25T16:54:57+02:00","action":"service_plan_create","actor_id":2,"target_id":1,"ip":"CLI","details":{"title":"Chúa Nhật Phục Sinh","scheduled_date":"2026-04-12","status":"draft"}}
{"timestamp":"2026-09-25T16:55:18+02:00","action":"service_plan_create","actor_id":1,"target_id":1,"ip":"CLI","details":{"title":"Thánh Lễ Chúa Nhật","scheduled_date":"2026-10-04","status":"draft"}}
{"timestamp":"2026-09-25T16:59:44+02:00","action":"service_plan_create","actor_id":2,"target_id":1,"ip":"CLI","details":{"title":"Chúa Nhật Phục Sinh","scheduled_date":"2026-04-12","status":"draft"}}
{"timestamp":"2026-09-25T17:00:09+02:00","action":"service_plan_create","actor_id":1,"target_id":1,"ip":"CLI","details":{"title":"Thánh Lễ Chúa Nhật","scheduled_date":"2026-10-04","status":"draft"}}
{"timestamp":"2026-09-25T17:05:11+02:00","action":"service_plan_create","actor_id":2,"target_id":1,"ip":"CLI","details":{"title":"Chúa Nhật Phục Sinh","scheduled_date":"2026-04-12","status":"draft"}}
{"timestamp":"2026-09-25T17:06:04+02:00","action":"service_plan_create","actor_id":1,"target_id":1,"ip":"CLI","details":{"title":"Thánh Lễ Chúa Nhật","scheduled_date":"2026-10-04","status":"draft"}}
{"timestamp":"2026-09-25T17:09:19+02:00","action":"service_plan_create","actor_id":2,"target_id":1,"ip":"CLI","details":{"title":"Chúa Nhật Phục Sinh","scheduled_date":"2026-04-12","status":"draft"}}
{"timestamp":"2026-09-25T17:09:52+02:00","action":"service_plan_create","actor_id":1,"target_id":1,"ip":"CLI","details":{"title":"Thánh Lễ Chúa Nhật","scheduled_date":"2026-10-04","status":"draft"}}
{"timestamp":"2026-09-25T17:10:42+02:00","action":"service_plan_create","actor_id":2,"target_id":1,"ip":"CLI","details":{"title":"Chúa Nhật Phục Sinh","scheduled_date":"2026-04-12","status":"draft"}}
{"timestamp":"2026-09-25T17:11:13+02:00","action":"service_plan_create","actor_id":1,"target_id":1,"ip":"CLI","details":{"title":"Thánh Lễ Chúa Nhật","scheduled_date":"2026-10-04","status":"draft"}}
{"timestamp":"2026-09-25T17:15:09+02:00","action":"service_plan_create","actor_id":2,"target_id":1,"ip":"CLI","details":{"title":"Chúa Nhật Phục Sinh","scheduled_date":"2026-04-12","status":"draft"}}
{"timestamp":"2026-09-25T17:15:40+02:00","action":"service_plan_create","actor_id":1,"target_id":1,"ip":"CLI","details":{"title":"Thánh Lễ Chúa Nhật","scheduled_date":"2026-10-04","status":"draft"}}
{"timestamp":"2026-09-25T17:16:22+02:00","action":"service_plan_create","actor_id":2,"target_id":1,"ip":"CLI","details":{"title":"Chúa Nhật Phục Sinh","scheduled_date":"2026-04-12","status":"draft"}}
{"timestamp":"2026-09-25T17:16:52+02:00","action":"service_plan_create","actor_id":1,"target_id":1,"ip":"CLI","details":{"title":"Thánh Lễ Chúa Nhật","scheduled_date":"2026-10-04","status":"draft"}}
{"timestamp":"2026-09-25T17:33:15+02:00","action":"service_plan_create","actor_id":2,"target_id":1,"ip":"CLI","details":{"title":"Chúa Nhật Phục Sinh","scheduled_date":"2026-04-12","status":"draft"}}
{"timestamp":"2026-09-25T17:33:39+02:00","action":"service_plan_create","actor_id":1,"target_id":1,"ip":"CLI","details":{"title":"Thánh Lễ Chúa Nhật","scheduled_date":"2026-10-04","status":"draft"}}
{"timestamp":"2026-09-25T17:35:32+02:00","action":"service_plan_create","actor_id":2,"target_id":1,"ip":"CLI","details":{"title":"Chúa Nhật Phục Sinh","scheduled_date":"2026-04-12","status":"draft"}}
{"timestamp":"2026-09-25T17:35:55+02:00","action":"service_plan_create","actor_id":1,"target_id":1,"ip":"CLI","details":{"title":"Thánh Lễ Chúa Nhật","scheduled_date":"2026-10-04","status":"draft"}}
{"timestamp":"2026-09-25T23:20:40+02:00","action":"service_plan_create","actor_id":2,"target_id":1,"ip":"CLI","details":{"title":"Chúa Nhật Phục Sinh","scheduled_date":"2026-04-12","status":"draft"}}
{"timestamp":"2026-09-25T23:21:07+02:00","action":"service_plan_create","actor_id":1,"target_id":1,"ip":"CLI","details":{"title":"Thánh Lễ Chúa Nhật","scheduled_date":"2026-10-04","status":"draft"}}
{"timestamp":"2026-09-25T23:22:05+02:00","action":"service_plan_create","actor_id":2,"target_id":1,"ip":"CLI","details":{"title":"Chúa Nhật Phục Sinh","scheduled_date":"2026-04-12","status":"draft"}}
{"timestamp":"2026-09-25T23:22:32+02:00","action":"service_plan_create","actor_id":1,"target_id":1,"ip":"CLI","details":{"title":"Thánh Lễ Chúa Nhật","scheduled_date":"2026-10-04","status":"draft"}}
{"timestamp":"2026-09-26T00:21:12+02:00","action":"service_plan_create","actor_id":1,"target_id":29,"ip":"::1","details":{"title":"E2E Setlist Offline Test 1790374872383","scheduled_date":"2026-10-15","status":"draft"}}
{"timestamp":"2026-09-26T00:21:12+02:00","action":"service_plan_update","actor_id":1,"target_id":29,"ip":"::1","details":{"status":"published"}}
{"timestamp":"2026-09-26T00:21:12+02:00","action":"service_plan_publish","actor_id":1,"target_id":29,"ip":"::1","details":{"status":"published"}}
{"timestamp":"2026-09-26T00:21:16+02:00","action":"service_plan_create","actor_id":1,"target_id":30,"ip":"::1","details":{"title":"E2E Setlist Offline Test 1790374876520","scheduled_date":"2026-10-15","status":"draft"}}
{"timestamp":"2026-09-26T00:21:16+02:00","action":"service_plan_update","actor_id":1,"target_id":30,"ip":"::1","details":{"status":"published"}}
{"timestamp":"2026-09-26T00:21:16+02:00","action":"service_plan_publish","actor_id":1,"target_id":30,"ip":"::1","details":{"status":"published"}}
{"timestamp":"2026-09-26T00:27:30+02:00","action":"service_plan_create","actor_id":1,"target_id":31,"ip":"::1","details":{"title":"E2E Setlist Offline Test 1790375250618","scheduled_date":"2026-10-15","status":"draft"}}
{"timestamp":"2026-09-26T00:27:30+02:00","action":"service_plan_update","actor_id":1,"target_id":31,"ip":"::1","details":{"status":"published"}}
{"timestamp":"2026-09-26T00:27:30+02:00","action":"service_plan_publish","actor_id":1,"target_id":31,"ip":"::1","details":{"status":"published"}}
{"timestamp":"2026-09-26T00:27:35+02:00","action":"service_plan_create","actor_id":1,"target_id":32,"ip":"::1","details":{"title":"E2E Setlist Offline Test 1790375255048","scheduled_date":"2026-10-15","status":"draft"}}
{"timestamp":"2026-09-26T00:27:35+02:00","action":"service_plan_update","actor_id":1,"target_id":32,"ip":"::1","details":{"status":"published"}}
{"timestamp":"2026-09-26T00:27:35+02:00","action":"service_plan_publish","actor_id":1,"target_id":32,"ip":"::1","details":{"status":"published"}}
{"timestamp":"2026-09-26T00:29:34+02:00","action":"service_plan_create","actor_id":1,"target_id":33,"ip":"::1","details":{"title":"E2E Setlist Offline Test 1790375373952","scheduled_date":"2026-10-15","status":"draft"}}
{"timestamp":"2026-09-26T00:29:34+02:00","action":"service_plan_update","actor_id":1,"target_id":33,"ip":"::1","details":{"status":"published"}}
{"timestamp":"2026-09-26T00:29:34+02:00","action":"service_plan_publish","actor_id":1,"target_id":33,"ip":"::1","details":{"status":"published"}}
{"timestamp":"2026-09-26T00:29:48+02:00","action":"service_plan_create","actor_id":1,"target_id":34,"ip":"::1","details":{"title":"E2E Setlist Offline Test 1790375388774","scheduled_date":"2026-10-15","status":"draft"}}
{"timestamp":"2026-09-26T00:29:48+02:00","action":"service_plan_update","actor_id":1,"target_id":34,"ip":"::1","details":{"status":"published"}}
{"timestamp":"2026-09-26T00:29:48+02:00","action":"service_plan_publish","actor_id":1,"target_id":34,"ip":"::1","details":{"status":"published"}}
{"timestamp":"2026-09-26T00:30:29+02:00","action":"service_plan_create","actor_id":1,"target_id":35,"ip":"::1","details":{"title":"E2E Setlist Offline Test 1790375429916","scheduled_date":"2026-10-15","status":"draft"}}
{"timestamp":"2026-09-26T00:30:30+02:00","action":"service_plan_update","actor_id":1,"target_id":35,"ip":"::1","details":{"status":"published"}}
{"timestamp":"2026-09-26T00:30:30+02:00","action":"service_plan_publish","actor_id":1,"target_id":35,"ip":"::1","details":{"status":"published"}}
{"timestamp":"2026-09-26T00:30:31+02:00","action":"service_plan_delete","actor_id":1,"target_id":35,"ip":"::1","details":[]}
{"timestamp":"2026-09-26T00:31:14+02:00","action":"service_plan_create","actor_id":2,"target_id":1,"ip":"CLI","details":{"title":"Chúa Nhật Phục Sinh","scheduled_date":"2026-04-12","status":"draft"}}
{"timestamp":"2026-09-26T00:31:46+02:00","action":"service_plan_create","actor_id":1,"target_id":1,"ip":"CLI","details":{"title":"Thánh Lễ Chúa Nhật","scheduled_date":"2026-10-04","status":"draft"}}
{"timestamp":"2026-09-26T00:37:33+02:00","action":"service_plan_create","actor_id":1,"target_id":36,"ip":"::1","details":{"title":"E2E Setlist Offline Test 1790375853051","scheduled_date":"2026-10-15","status":"draft"}}
{"timestamp":"2026-09-26T00:37:33+02:00","action":"service_plan_update","actor_id":1,"target_id":36,"ip":"::1","details":{"status":"published"}}
{"timestamp":"2026-09-26T00:37:33+02:00","action":"service_plan_publish","actor_id":1,"target_id":36,"ip":"::1","details":{"status":"published"}}
{"timestamp":"2026-09-26T00:37:34+02:00","action":"service_plan_delete","actor_id":1,"target_id":36,"ip":"::1","details":[]}
{"timestamp":"2026-09-26T00:38:18+02:00","action":"service_plan_create","actor_id":2,"target_id":1,"ip":"CLI","details":{"title":"Chúa Nhật Phục Sinh","scheduled_date":"2026-04-12","status":"draft"}}
{"timestamp":"2026-09-26T00:38:49+02:00","action":"service_plan_create","actor_id":1,"target_id":1,"ip":"CLI","details":{"title":"Thánh Lễ Chúa Nhật","scheduled_date":"2026-10-04","status":"draft"}}
{"timestamp":"2026-09-26T00:39:45+02:00","action":"service_plan_create","actor_id":2,"target_id":1,"ip":"CLI","details":{"title":"Chúa Nhật Phục Sinh","scheduled_date":"2026-04-12","status":"draft"}}
{"timestamp":"2026-09-26T00:40:18+02:00","action":"service_plan_create","actor_id":1,"target_id":1,"ip":"CLI","details":{"title":"Thánh Lễ Chúa Nhật","scheduled_date":"2026-10-04","status":"draft"}}
{"timestamp":"2026-09-26T00:45:51+02:00","action":"user_role_change","actor_id":7,"target_id":6,"ip":"::1","details":{"old_role":"viewer","new_role":"banhat"}}
{"timestamp":"2026-09-26T00:45:52+02:00","action":"user_role_change","actor_id":7,"target_id":6,"ip":"::1","details":{"old_role":"banhat","new_role":"viewer"}}
{"timestamp":"2026-09-26T00:45:54+02:00","action":"user_role_change","actor_id":7,"target_id":6,"ip":"::1","details":{"old_role":"viewer","new_role":"banhat"}}
{"timestamp":"2026-09-26T00:45:54+02:00","action":"user_role_change","actor_id":7,"target_id":6,"ip":"::1","details":{"old_role":"banhat","new_role":"viewer"}}
{"timestamp":"2026-09-26T00:46:23+02:00","action":"service_plan_create","actor_id":2,"target_id":1,"ip":"CLI","details":{"title":"Chúa Nhật Phục Sinh","scheduled_date":"2026-04-12","status":"draft"}}
{"timestamp":"2026-09-26T00:46:54+02:00","action":"service_plan_create","actor_id":1,"target_id":1,"ip":"CLI","details":{"title":"Thánh Lễ Chúa Nhật","scheduled_date":"2026-10-04","status":"draft"}}
{"timestamp":"2026-09-26T00:51:49+02:00","action":"user_role_change","actor_id":7,"target_id":6,"ip":"::1","details":{"old_role":"viewer","new_role":"banhat"}}
{"timestamp":"2026-09-26T00:51:50+02:00","action":"user_role_change","actor_id":7,"target_id":6,"ip":"::1","details":{"old_role":"banhat","new_role":"viewer"}}
{"timestamp":"2026-09-26T00:51:52+02:00","action":"user_role_change","actor_id":7,"target_id":6,"ip":"::1","details":{"old_role":"viewer","new_role":"banhat"}}
{"timestamp":"2026-09-26T00:51:52+02:00","action":"user_role_change","actor_id":7,"target_id":6,"ip":"::1","details":{"old_role":"banhat","new_role":"viewer"}}
{"timestamp":"2026-09-26T00:52:09+02:00","action":"user_role_change","actor_id":7,"target_id":6,"ip":"::1","details":{"old_role":"viewer","new_role":"banhat"}}
{"timestamp":"2026-09-26T00:52:10+02:00","action":"user_role_change","actor_id":7,"target_id":6,"ip":"::1","details":{"old_role":"banhat","new_role":"viewer"}}
{"timestamp":"2026-09-26T00:52:11+02:00","action":"service_plan_create","actor_id":1,"target_id":37,"ip":"::1","details":{"title":"E2E Setlist Offline Test 1790376731785","scheduled_date":"2026-10-15","status":"draft"}}
{"timestamp":"2026-09-26T00:52:11+02:00","action":"service_plan_update","actor_id":1,"target_id":37,"ip":"::1","details":{"status":"published"}}
{"timestamp":"2026-09-26T00:52:11+02:00","action":"service_plan_publish","actor_id":1,"target_id":37,"ip":"::1","details":{"status":"published"}}
{"timestamp":"2026-09-26T00:52:12+02:00","action":"service_plan_delete","actor_id":1,"target_id":37,"ip":"::1","details":[]}
{"timestamp":"2026-09-26T00:52:28+02:00","action":"user_role_change","actor_id":7,"target_id":6,"ip":"::1","details":{"old_role":"viewer","new_role":"banhat"}}
{"timestamp":"2026-09-26T00:52:29+02:00","action":"user_role_change","actor_id":7,"target_id":6,"ip":"::1","details":{"old_role":"banhat","new_role":"viewer"}}
{"timestamp":"2026-09-26T00:53:03+02:00","action":"service_plan_create","actor_id":2,"target_id":1,"ip":"CLI","details":{"title":"Chúa Nhật Phục Sinh","scheduled_date":"2026-04-12","status":"draft"}}
{"timestamp":"2026-09-26T00:53:33+02:00","action":"service_plan_create","actor_id":1,"target_id":1,"ip":"CLI","details":{"title":"Thánh Lễ Chúa Nhật","scheduled_date":"2026-10-04","status":"draft"}}
{"timestamp":"2026-09-26T01:02:54+02:00","action":"service_plan_create","actor_id":2,"target_id":1,"ip":"CLI","details":{"title":"Chúa Nhật Phục Sinh","scheduled_date":"2026-04-12","status":"draft"}}
{"timestamp":"2026-09-26T01:03:25+02:00","action":"service_plan_create","actor_id":1,"target_id":1,"ip":"CLI","details":{"title":"Thánh Lễ Chúa Nhật","scheduled_date":"2026-10-04","status":"draft"}}
{"timestamp":"2026-09-26T01:18:37+02:00","action":"service_plan_create","actor_id":2,"target_id":1,"ip":"CLI","details":{"title":"Chúa Nhật Phục Sinh","scheduled_date":"2026-04-12","status":"draft"}}
{"timestamp":"2026-09-26T01:19:26+02:00","action":"service_plan_create","actor_id":1,"target_id":1,"ip":"CLI","details":{"title":"Thánh Lễ Chúa Nhật","scheduled_date":"2026-10-04","status":"draft"}}
{"timestamp":"2026-09-26T01:22:09+02:00","action":"service_plan_create","actor_id":1,"target_id":38,"ip":"CLI","details":{"title":"E2E Test Setlist BPM 90 - 1790378529","scheduled_date":"2026-09-26","status":"draft"}}
{"timestamp":"2026-09-26T01:22:19+02:00","action":"service_plan_delete","actor_id":null,"target_id":38,"ip":"CLI","details":[]}
{"timestamp":"2026-09-26T01:23:05+02:00","action":"service_plan_create","actor_id":1,"target_id":39,"ip":"CLI","details":{"title":"E2E Test Setlist BPM 90 - 1790378585","scheduled_date":"2026-09-26","status":"draft"}}
{"timestamp":"2026-09-26T01:23:16+02:00","action":"service_plan_delete","actor_id":null,"target_id":39,"ip":"CLI","details":[]}
{"timestamp":"2026-09-26T01:24:14+02:00","action":"service_plan_create","actor_id":1,"target_id":40,"ip":"CLI","details":{"title":"E2E Test Setlist BPM 90 - 1790378654","scheduled_date":"2026-09-26","status":"draft"}}
{"timestamp":"2026-09-26T01:24:25+02:00","action":"service_plan_delete","actor_id":null,"target_id":40,"ip":"CLI","details":[]}
{"timestamp":"2026-09-26T01:25:23+02:00","action":"service_plan_create","actor_id":1,"target_id":41,"ip":"CLI","details":{"title":"E2E Test Setlist BPM 90 - 1790378723","scheduled_date":"2026-09-26","status":"draft"}}
{"timestamp":"2026-09-26T01:25:34+02:00","action":"service_plan_delete","actor_id":null,"target_id":41,"ip":"CLI","details":[]}
{"timestamp":"2026-09-26T01:25:35+02:00","action":"service_plan_create","actor_id":1,"target_id":42,"ip":"CLI","details":{"title":"E2E Test Setlist 5 Songs - 1790378735","scheduled_date":"2026-09-26","status":"draft"}}
{"timestamp":"2026-09-26T01:25:46+02:00","action":"service_plan_delete","actor_id":null,"target_id":42,"ip":"CLI","details":[]}
{"timestamp":"2026-09-26T01:27:12+02:00","action":"service_plan_create","actor_id":1,"target_id":43,"ip":"CLI","details":{"title":"E2E Test Setlist BPM 90 - 1790378832","scheduled_date":"2026-09-26","status":"draft"}}
{"timestamp":"2026-09-26T01:28:30+02:00","action":"service_plan_create","actor_id":1,"target_id":44,"ip":"CLI","details":{"title":"E2E Test Setlist BPM 90 - 1790378910","scheduled_date":"2026-09-26","status":"draft"}}
{"timestamp":"2026-09-26T01:28:32+02:00","action":"service_plan_delete","actor_id":null,"target_id":44,"ip":"CLI","details":[]}
{"timestamp":"2026-09-26T01:30:47+02:00","action":"service_plan_create","actor_id":1,"target_id":45,"ip":"CLI","details":{"title":"E2E Test Setlist BPM 90 - 1790379047","scheduled_date":"2026-09-26","status":"draft"}}
{"timestamp":"2026-09-26T01:30:58+02:00","action":"service_plan_delete","actor_id":null,"target_id":45,"ip":"CLI","details":[]}
{"timestamp":"2026-09-26T01:30:59+02:00","action":"service_plan_create","actor_id":1,"target_id":46,"ip":"CLI","details":{"title":"E2E Test Setlist 5 Songs - 1790379059","scheduled_date":"2026-09-26","status":"draft"}}
{"timestamp":"2026-09-26T01:31:10+02:00","action":"service_plan_delete","actor_id":null,"target_id":46,"ip":"CLI","details":[]}
{"timestamp":"2026-09-26T01:31:58+02:00","action":"service_plan_create","actor_id":1,"target_id":47,"ip":"CLI","details":{"title":"E2E Test Setlist BPM 90 - 1790379118","scheduled_date":"2026-09-26","status":"draft"}}
{"timestamp":"2026-09-26T01:32:00+02:00","action":"service_plan_delete","actor_id":null,"target_id":47,"ip":"CLI","details":[]}
{"timestamp":"2026-09-26T01:32:00+02:00","action":"service_plan_create","actor_id":1,"target_id":48,"ip":"CLI","details":{"title":"E2E Test Setlist 5 Songs - 1790379120","scheduled_date":"2026-09-26","status":"draft"}}
{"timestamp":"2026-09-26T01:32:13+02:00","action":"service_plan_delete","actor_id":null,"target_id":48,"ip":"CLI","details":[]}
{"timestamp":"2026-09-26T01:32:50+02:00","action":"service_plan_create","actor_id":1,"target_id":49,"ip":"CLI","details":{"title":"E2E Test Setlist BPM 90 - 1790379170","scheduled_date":"2026-09-26","status":"draft"}}
{"timestamp":"2026-09-26T01:32:52+02:00","action":"service_plan_delete","actor_id":null,"target_id":49,"ip":"CLI","details":[]}
{"timestamp":"2026-09-26T01:32:52+02:00","action":"service_plan_create","actor_id":1,"target_id":50,"ip":"CLI","details":{"title":"E2E Test Setlist 5 Songs - 1790379172","scheduled_date":"2026-09-26","status":"draft"}}
{"timestamp":"2026-09-26T01:32:55+02:00","action":"service_plan_delete","actor_id":null,"target_id":50,"ip":"CLI","details":[]}
{"timestamp":"2026-09-26T01:33:01+02:00","action":"service_plan_create","actor_id":1,"target_id":51,"ip":"CLI","details":{"title":"E2E Test Setlist BPM 90 - 1790379181","scheduled_date":"2026-09-26","status":"draft"}}
{"timestamp":"2026-09-26T01:33:03+02:00","action":"service_plan_delete","actor_id":null,"target_id":51,"ip":"CLI","details":[]}
{"timestamp":"2026-09-26T01:33:04+02:00","action":"service_plan_create","actor_id":1,"target_id":52,"ip":"CLI","details":{"title":"E2E Test Setlist 5 Songs - 1790379184","scheduled_date":"2026-09-26","status":"draft"}}
{"timestamp":"2026-09-26T01:33:11+02:00","action":"service_plan_delete","actor_id":null,"target_id":52,"ip":"CLI","details":[]}
{"timestamp":"2026-09-26T01:36:26+02:00","action":"service_plan_create","actor_id":1,"target_id":53,"ip":"CLI","details":{"title":"E2E Test Setlist BPM 90 - 1790379386","scheduled_date":"2026-09-26","status":"draft"}}
{"timestamp":"2026-09-26T01:36:28+02:00","action":"service_plan_delete","actor_id":null,"target_id":53,"ip":"CLI","details":[]}
{"timestamp":"2026-09-26T01:36:28+02:00","action":"service_plan_create","actor_id":1,"target_id":54,"ip":"CLI","details":{"title":"E2E Test Setlist 5 Songs - 1790379388","scheduled_date":"2026-09-26","status":"draft"}}
{"timestamp":"2026-09-26T01:36:31+02:00","action":"service_plan_delete","actor_id":null,"target_id":54,"ip":"CLI","details":[]}
{"timestamp":"2026-09-26T01:36:38+02:00","action":"service_plan_create","actor_id":1,"target_id":55,"ip":"CLI","details":{"title":"E2E Test Setlist BPM 90 - 1790379398","scheduled_date":"2026-09-26","status":"draft"}}
{"timestamp":"2026-09-26T01:36:40+02:00","action":"service_plan_delete","actor_id":null,"target_id":55,"ip":"CLI","details":[]}
{"timestamp":"2026-09-26T01:36:41+02:00","action":"service_plan_create","actor_id":1,"target_id":56,"ip":"CLI","details":{"title":"E2E Test Setlist 5 Songs - 1790379401","scheduled_date":"2026-09-26","status":"draft"}}
{"timestamp":"2026-09-26T01:36:48+02:00","action":"service_plan_delete","actor_id":null,"target_id":56,"ip":"CLI","details":[]}
{"timestamp":"2026-09-26T01:37:21+02:00","action":"service_plan_create","actor_id":2,"target_id":1,"ip":"CLI","details":{"title":"Chúa Nhật Phục Sinh","scheduled_date":"2026-04-12","status":"draft"}}
{"timestamp":"2026-09-26T01:37:48+02:00","action":"service_plan_create","actor_id":2,"target_id":1,"ip":"CLI","details":{"title":"Chúa Nhật Phục Sinh","scheduled_date":"2026-04-12","status":"draft"}}
{"timestamp":"2026-09-26T01:37:51+02:00","action":"service_plan_create","actor_id":1,"target_id":1,"ip":"CLI","details":{"title":"Thánh Lễ Chúa Nhật","scheduled_date":"2026-10-04","status":"draft"}}
{"timestamp":"2026-09-26T01:38:18+02:00","action":"service_plan_create","actor_id":2,"target_id":1,"ip":"CLI","details":{"title":"Chúa Nhật Phục Sinh","scheduled_date":"2026-04-12","status":"draft"}}
{"timestamp":"2026-09-26T01:39:15+02:00","action":"service_plan_create","actor_id":2,"target_id":1,"ip":"CLI","details":{"title":"Chúa Nhật Phục Sinh","scheduled_date":"2026-04-12","status":"draft"}}
{"timestamp":"2026-09-26T01:39:46+02:00","action":"service_plan_create","actor_id":1,"target_id":1,"ip":"CLI","details":{"title":"Thánh Lễ Chúa Nhật","scheduled_date":"2026-10-04","status":"draft"}}
{"timestamp":"2026-09-26T02:48:45+02:00","action":"service_plan_create","actor_id":2,"target_id":1,"ip":"CLI","details":{"title":"Chúa Nhật Phục Sinh","scheduled_date":"2026-04-12","status":"draft"}}
{"timestamp":"2026-09-26T02:49:17+02:00","action":"service_plan_create","actor_id":1,"target_id":1,"ip":"CLI","details":{"title":"Thánh Lễ Chúa Nhật","scheduled_date":"2026-10-04","status":"draft"}}
{"timestamp":"2026-09-26T02:53:49+02:00","action":"service_plan_create","actor_id":2,"target_id":1,"ip":"CLI","details":{"title":"Chúa Nhật Phục Sinh","scheduled_date":"2026-04-12","status":"draft"}}
{"timestamp":"2026-09-26T02:54:37+02:00","action":"service_plan_create","actor_id":1,"target_id":1,"ip":"CLI","details":{"title":"Thánh Lễ Chúa Nhật","scheduled_date":"2026-10-04","status":"draft"}}
{"timestamp":"2026-09-26T02:57:16+02:00","action":"service_plan_create","actor_id":1,"target_id":1,"ip":"CLI","details":{"title":"Thánh Lễ Chúa Nhật","scheduled_date":"2026-10-04","status":"draft"}}
{"timestamp":"2026-09-26T02:57:25+02:00","action":"service_plan_create","actor_id":1,"target_id":1,"ip":"CLI","details":{"title":"Thánh Lễ Chúa Nhật","scheduled_date":"2026-10-04","status":"draft"}}
{"timestamp":"2026-09-26T02:57:35+02:00","action":"service_plan_create","actor_id":1,"target_id":1,"ip":"CLI","details":{"title":"Thánh Lễ Chúa Nhật","scheduled_date":"2026-10-04","status":"draft"}}
{"timestamp":"2026-09-26T02:57:46+02:00","action":"service_plan_create","actor_id":2,"target_id":1,"ip":"CLI","details":{"title":"Chúa Nhật Phục Sinh","scheduled_date":"2026-04-12","status":"draft"}}
{"timestamp":"2026-09-26T02:57:55+02:00","action":"service_plan_create","actor_id":2,"target_id":1,"ip":"CLI","details":{"title":"Chúa Nhật Phục Sinh","scheduled_date":"2026-04-12","status":"draft"}}
{"timestamp":"2026-09-26T02:58:05+02:00","action":"service_plan_create","actor_id":2,"target_id":1,"ip":"CLI","details":{"title":"Chúa Nhật Phục Sinh","scheduled_date":"2026-04-12","status":"draft"}}
{"timestamp":"2026-09-26T03:00:22+02:00","action":"service_plan_create","actor_id":2,"target_id":1,"ip":"CLI","details":{"title":"Chúa Nhật Phục Sinh","scheduled_date":"2026-04-12","status":"draft"}}
{"timestamp":"2026-09-26T03:01:08+02:00","action":"service_plan_create","actor_id":1,"target_id":1,"ip":"CLI","details":{"title":"Thánh Lễ Chúa Nhật","scheduled_date":"2026-10-04","status":"draft"}}
{"timestamp":"2026-09-26T03:07:21+02:00","action":"service_plan_create","actor_id":2,"target_id":1,"ip":"CLI","details":{"title":"Chúa Nhật Phục Sinh","scheduled_date":"2026-04-12","status":"draft"}}
{"timestamp":"2026-09-26T03:07:52+02:00","action":"service_plan_create","actor_id":1,"target_id":1,"ip":"CLI","details":{"title":"Thánh Lễ Chúa Nhật","scheduled_date":"2026-10-04","status":"draft"}}
{"timestamp":"2026-09-26T03:09:04+02:00","action":"service_plan_create","actor_id":2,"target_id":1,"ip":"CLI","details":{"title":"Chúa Nhật Phục Sinh","scheduled_date":"2026-04-12","status":"draft"}}
{"timestamp":"2026-09-26T03:09:38+02:00","action":"service_plan_create","actor_id":1,"target_id":1,"ip":"CLI","details":{"title":"Thánh Lễ Chúa Nhật","scheduled_date":"2026-10-04","status":"draft"}}
{"timestamp":"2026-09-26T07:10:32+02:00","action":"user_create","actor_id":1,"target_id":8,"ip":"CLI","details":{"username":"test_leader_user","role":"leader","chord_code":"LEAD","instrument":"Chỉ huy \/ Piano","voice_part":"T"}}
{"timestamp":"2026-09-26T07:10:32+02:00","action":"user_profile_update","actor_id":1,"target_id":8,"ip":"CLI","details":{"display_name":"Ca Trưởng Đổi Bè","instrument":"Organ","chord_code":"LEAD","role":"leader","voice_part":"S","password_changed":false}}
{"timestamp":"2026-09-26T07:12:50+02:00","action":"user_profile_update","actor_id":7,"target_id":6,"ip":"::1","details":{"display_name":"Khách Xem","instrument":"Guitar","chord_code":"","role":"leader","voice_part":"T","password_changed":false}}
{"timestamp":"2026-09-26T07:12:52+02:00","action":"user_profile_update","actor_id":7,"target_id":6,"ip":"::1","details":{"display_name":"Khách Xem","instrument":"Guitar","chord_code":"","role":"viewer","voice_part":"T","password_changed":false}}
{"timestamp":"2026-09-26T07:12:59+02:00","action":"user_profile_update","actor_id":7,"target_id":6,"ip":"::1","details":{"display_name":"Khách Xem","instrument":"Guitar","chord_code":"","role":"leader","voice_part":"T","password_changed":false}}
{"timestamp":"2026-09-26T07:13:02+02:00","action":"user_profile_update","actor_id":7,"target_id":6,"ip":"::1","details":{"display_name":"Khách Xem","instrument":"Guitar","chord_code":"","role":"viewer","voice_part":"T","password_changed":false}}
{"timestamp":"2026-09-26T07:14:08+02:00","action":"service_plan_create","actor_id":2,"target_id":1,"ip":"CLI","details":{"title":"Chúa Nhật Phục Sinh","scheduled_date":"2026-04-12","status":"draft"}}
{"timestamp":"2026-09-26T07:14:45+02:00","action":"user_create","actor_id":1,"target_id":9,"ip":"CLI","details":{"username":"test_leader_user","role":"leader","chord_code":"LEAD","instrument":"Chỉ huy \/ Piano","voice_part":"T"}}
{"timestamp":"2026-09-26T07:14:45+02:00","action":"user_profile_update","actor_id":1,"target_id":9,"ip":"CLI","details":{"display_name":"Ca Trưởng Đổi Bè","instrument":"Organ","chord_code":"LEAD","role":"leader","voice_part":"S","password_changed":false}}
{"timestamp":"2026-09-26T07:14:50+02:00","action":"service_plan_create","actor_id":1,"target_id":1,"ip":"CLI","details":{"title":"Thánh Lễ Chúa Nhật","scheduled_date":"2026-10-04","status":"draft"}}
{"timestamp":"2026-09-26T07:17:01+02:00","action":"service_plan_create","actor_id":2,"target_id":1,"ip":"CLI","details":{"title":"Chúa Nhật Phục Sinh","scheduled_date":"2026-04-12","status":"draft"}}
{"timestamp":"2026-09-26T07:17:30+02:00","action":"user_create","actor_id":1,"target_id":10,"ip":"CLI","details":{"username":"test_leader_user","role":"leader","chord_code":"LEAD","instrument":"Chỉ huy \/ Piano","voice_part":"T"}}
{"timestamp":"2026-09-26T07:17:30+02:00","action":"user_profile_update","actor_id":1,"target_id":10,"ip":"CLI","details":{"display_name":"Ca Trưởng Đổi Bè","instrument":"Organ","chord_code":"LEAD","role":"leader","voice_part":"S","password_changed":false}}
{"timestamp":"2026-09-26T07:17:35+02:00","action":"service_plan_create","actor_id":1,"target_id":1,"ip":"CLI","details":{"title":"Thánh Lễ Chúa Nhật","scheduled_date":"2026-10-04","status":"draft"}}
{"timestamp":"2026-09-26T07:26:24+02:00","action":"service_plan_create","actor_id":1,"target_id":59,"ip":"CLI","details":{"title":"Thánh Lễ Chúa Nhật E2E ee2a62","scheduled_date":"2026-09-29","status":"draft"}}
{"timestamp":"2026-09-26T07:26:46+02:00","action":"service_plan_create","actor_id":1,"target_id":60,"ip":"CLI","details":{"title":"Thánh Lễ Chúa Nhật E2E 22124d","scheduled_date":"2026-09-29","status":"draft"}}
{"timestamp":"2026-09-26T07:26:46+02:00","action":"assignment_create","actor_id":1,"target_id":60,"ip":"CLI","details":{"assignment_id":3,"user_id":1,"role":"Ca viên Bè S","notes":"Ghi chú tập bè"}}
{"timestamp":"2026-09-26T07:26:46+02:00","action":"service_plan_update","actor_id":1,"target_id":60,"ip":"CLI","details":{"status":"published"}}
{"timestamp":"2026-09-26T07:26:46+02:00","action":"service_plan_publish","actor_id":1,"target_id":60,"ip":"CLI","details":{"status":"published"}}
{"timestamp":"2026-09-26T07:27:23+02:00","action":"service_plan_create","actor_id":1,"target_id":61,"ip":"CLI","details":{"title":"Thánh Lễ Chúa Nhật E2E 1a4d47","scheduled_date":"2026-09-29","status":"draft"}}
{"timestamp":"2026-09-26T07:27:23+02:00","action":"assignment_create","actor_id":1,"target_id":61,"ip":"CLI","details":{"assignment_id":4,"user_id":1,"role":"Ca viên Bè S","notes":"Ghi chú tập bè"}}
{"timestamp":"2026-09-26T07:27:23+02:00","action":"service_plan_update","actor_id":1,"target_id":61,"ip":"CLI","details":{"status":"published"}}
{"timestamp":"2026-09-26T07:27:23+02:00","action":"service_plan_publish","actor_id":1,"target_id":61,"ip":"CLI","details":{"status":"published"}}
{"timestamp":"2026-09-26T07:27:37+02:00","action":"service_plan_create","actor_id":1,"target_id":62,"ip":"CLI","details":{"title":"Thánh Lễ Chúa Nhật E2E 6b78d1","scheduled_date":"2026-09-29","status":"draft"}}
{"timestamp":"2026-09-26T07:27:37+02:00","action":"assignment_create","actor_id":1,"target_id":62,"ip":"CLI","details":{"assignment_id":5,"user_id":1,"role":"Ca viên Bè S","notes":"Ghi chú tập bè"}}
{"timestamp":"2026-09-26T07:27:37+02:00","action":"service_plan_update","actor_id":1,"target_id":62,"ip":"CLI","details":{"status":"published"}}
{"timestamp":"2026-09-26T07:27:37+02:00","action":"service_plan_publish","actor_id":1,"target_id":62,"ip":"CLI","details":{"status":"published"}}
{"timestamp":"2026-09-26T07:28:36+02:00","action":"service_plan_create","actor_id":1,"target_id":63,"ip":"CLI","details":{"title":"Thánh Lễ Chúa Nhật E2E 6bd4af","scheduled_date":"2026-09-29","status":"draft"}}
{"timestamp":"2026-09-26T07:28:36+02:00","action":"assignment_create","actor_id":1,"target_id":63,"ip":"CLI","details":{"assignment_id":6,"user_id":1,"role":"Ca viên Bè S","notes":"Ghi chú tập bè"}}
{"timestamp":"2026-09-26T07:28:36+02:00","action":"service_plan_update","actor_id":1,"target_id":63,"ip":"CLI","details":{"status":"published"}}
{"timestamp":"2026-09-26T07:28:36+02:00","action":"service_plan_publish","actor_id":1,"target_id":63,"ip":"CLI","details":{"status":"published"}}
{"timestamp":"2026-09-26T07:28:43+02:00","action":"service_plan_create","actor_id":1,"target_id":64,"ip":"CLI","details":{"title":"Thánh Lễ Chúa Nhật E2E 6b8671","scheduled_date":"2026-09-29","status":"draft"}}
{"timestamp":"2026-09-26T07:28:43+02:00","action":"assignment_create","actor_id":1,"target_id":64,"ip":"CLI","details":{"assignment_id":7,"user_id":1,"role":"Ca viên Bè S","notes":"Ghi chú tập bè"}}
{"timestamp":"2026-09-26T07:28:43+02:00","action":"service_plan_update","actor_id":1,"target_id":64,"ip":"CLI","details":{"status":"published"}}
{"timestamp":"2026-09-26T07:28:43+02:00","action":"service_plan_publish","actor_id":1,"target_id":64,"ip":"CLI","details":{"status":"published"}}
{"timestamp":"2026-09-26T07:29:33+02:00","action":"service_plan_create","actor_id":1,"target_id":65,"ip":"CLI","details":{"title":"Thánh Lễ Chúa Nhật E2E 382311","scheduled_date":"2026-09-29","status":"draft"}}
{"timestamp":"2026-09-26T07:29:33+02:00","action":"assignment_create","actor_id":1,"target_id":65,"ip":"CLI","details":{"assignment_id":8,"user_id":1,"role":"Ca viên Bè S","notes":"Ghi chú tập bè"}}
{"timestamp":"2026-09-26T07:29:33+02:00","action":"service_plan_update","actor_id":1,"target_id":65,"ip":"CLI","details":{"status":"published"}}
{"timestamp":"2026-09-26T07:29:33+02:00","action":"service_plan_publish","actor_id":1,"target_id":65,"ip":"CLI","details":{"status":"published"}}
{"timestamp":"2026-09-26T07:29:42+02:00","action":"service_plan_create","actor_id":1,"target_id":66,"ip":"CLI","details":{"title":"Thánh Lễ Chúa Nhật E2E 636051","scheduled_date":"2026-09-29","status":"draft"}}
{"timestamp":"2026-09-26T07:29:42+02:00","action":"assignment_create","actor_id":1,"target_id":66,"ip":"CLI","details":{"assignment_id":9,"user_id":1,"role":"Ca viên Bè S","notes":"Ghi chú tập bè"}}
{"timestamp":"2026-09-26T07:29:42+02:00","action":"service_plan_update","actor_id":1,"target_id":66,"ip":"CLI","details":{"status":"published"}}
{"timestamp":"2026-09-26T07:29:42+02:00","action":"service_plan_publish","actor_id":1,"target_id":66,"ip":"CLI","details":{"status":"published"}}
{"timestamp":"2026-09-26T07:30:50+02:00","action":"service_plan_create","actor_id":1,"target_id":67,"ip":"CLI","details":{"title":"Thánh Lễ Chúa Nhật E2E 868dc5","scheduled_date":"2026-09-29","status":"draft"}}
{"timestamp":"2026-09-26T07:30:50+02:00","action":"assignment_create","actor_id":1,"target_id":67,"ip":"CLI","details":{"assignment_id":10,"user_id":1,"role":"Ca viên Bè S","notes":"Ghi chú tập bè"}}
{"timestamp":"2026-09-26T07:30:50+02:00","action":"service_plan_update","actor_id":1,"target_id":67,"ip":"CLI","details":{"status":"published"}}
{"timestamp":"2026-09-26T07:30:50+02:00","action":"service_plan_publish","actor_id":1,"target_id":67,"ip":"CLI","details":{"status":"published"}}
{"timestamp":"2026-09-26T07:30:58+02:00","action":"service_plan_create","actor_id":1,"target_id":68,"ip":"CLI","details":{"title":"Thánh Lễ Chúa Nhật E2E 9923fe","scheduled_date":"2026-09-29","status":"draft"}}
{"timestamp":"2026-09-26T07:30:58+02:00","action":"assignment_create","actor_id":1,"target_id":68,"ip":"CLI","details":{"assignment_id":11,"user_id":1,"role":"Ca viên Bè S","notes":"Ghi chú tập bè"}}
{"timestamp":"2026-09-26T07:30:58+02:00","action":"service_plan_update","actor_id":1,"target_id":68,"ip":"CLI","details":{"status":"published"}}
{"timestamp":"2026-09-26T07:30:58+02:00","action":"service_plan_publish","actor_id":1,"target_id":68,"ip":"CLI","details":{"status":"published"}}
{"timestamp":"2026-09-26T07:31:56+02:00","action":"service_plan_create","actor_id":1,"target_id":69,"ip":"CLI","details":{"title":"Thánh Lễ Chúa Nhật E2E f0a7ed","scheduled_date":"2026-09-29","status":"draft"}}
{"timestamp":"2026-09-26T07:31:56+02:00","action":"assignment_create","actor_id":1,"target_id":69,"ip":"CLI","details":{"assignment_id":12,"user_id":1,"role":"Ca viên Bè S","notes":"Ghi chú tập bè"}}
{"timestamp":"2026-09-26T07:31:56+02:00","action":"service_plan_update","actor_id":1,"target_id":69,"ip":"CLI","details":{"status":"published"}}
{"timestamp":"2026-09-26T07:31:56+02:00","action":"service_plan_publish","actor_id":1,"target_id":69,"ip":"CLI","details":{"status":"published"}}
{"timestamp":"2026-09-26T07:31:59+02:00","action":"service_plan_create","actor_id":1,"target_id":70,"ip":"CLI","details":{"title":"Thánh Lễ Chúa Nhật E2E 065f81","scheduled_date":"2026-09-29","status":"draft"}}
{"timestamp":"2026-09-26T07:31:59+02:00","action":"assignment_create","actor_id":1,"target_id":70,"ip":"CLI","details":{"assignment_id":13,"user_id":1,"role":"Ca viên Bè S","notes":"Ghi chú tập bè"}}
{"timestamp":"2026-09-26T07:31:59+02:00","action":"service_plan_update","actor_id":1,"target_id":70,"ip":"CLI","details":{"status":"published"}}
{"timestamp":"2026-09-26T07:31:59+02:00","action":"service_plan_publish","actor_id":1,"target_id":70,"ip":"CLI","details":{"status":"published"}}
{"timestamp":"2026-09-26T07:32:08+02:00","action":"user_profile_update","actor_id":7,"target_id":6,"ip":"::1","details":{"display_name":"Khách Xem","instrument":"Guitar","chord_code":"","role":"leader","voice_part":"T","password_changed":false}}
{"timestamp":"2026-09-26T07:32:09+02:00","action":"user_profile_update","actor_id":7,"target_id":6,"ip":"::1","details":{"display_name":"Khách Xem","instrument":"Guitar","chord_code":"","role":"viewer","voice_part":"T","password_changed":false}}
{"timestamp":"2026-09-26T07:32:12+02:00","action":"user_profile_update","actor_id":7,"target_id":6,"ip":"::1","details":{"display_name":"Khách Xem","instrument":"Guitar","chord_code":"","role":"leader","voice_part":"T","password_changed":false}}
{"timestamp":"2026-09-26T07:32:14+02:00","action":"user_profile_update","actor_id":7,"target_id":6,"ip":"::1","details":{"display_name":"Khách Xem","instrument":"Guitar","chord_code":"","role":"viewer","voice_part":"T","password_changed":false}}
{"timestamp":"2026-09-26T07:33:14+02:00","action":"service_plan_create","actor_id":2,"target_id":1,"ip":"CLI","details":{"title":"Chúa Nhật Phục Sinh","scheduled_date":"2026-04-12","status":"draft"}}
{"timestamp":"2026-09-26T07:33:49+02:00","action":"user_create","actor_id":1,"target_id":20,"ip":"CLI","details":{"username":"test_leader_user","role":"leader","chord_code":"LEAD","instrument":"Chỉ huy \/ Piano","voice_part":"T"}}
{"timestamp":"2026-09-26T07:33:49+02:00","action":"user_profile_update","actor_id":1,"target_id":20,"ip":"CLI","details":{"display_name":"Ca Trưởng Đổi Bè","instrument":"Organ","chord_code":"LEAD","role":"leader","voice_part":"S","password_changed":false}}
{"timestamp":"2026-09-26T07:33:53+02:00","action":"service_plan_create","actor_id":1,"target_id":1,"ip":"CLI","details":{"title":"Thánh Lễ Chúa Nhật","scheduled_date":"2026-10-04","status":"draft"}}
{"timestamp":"2026-09-26T07:39:14+02:00","action":"service_plan_create","actor_id":10,"target_id":1,"ip":"CLI","details":{"title":"Thánh Lễ Chúa Nhật Phụng Vụ","scheduled_date":"2026-10-01","status":"draft"}}
{"timestamp":"2026-09-26T07:39:14+02:00","action":"assignment_create","actor_id":10,"target_id":1,"ip":"CLI","details":{"assignment_id":1,"user_id":11,"role":"Ca viên Bè S","notes":null}}
{"timestamp":"2026-09-26T07:39:14+02:00","action":"assignment_create","actor_id":10,"target_id":1,"ip":"CLI","details":{"assignment_id":2,"user_id":12,"role":"Ca viên Bè A","notes":null}}
{"timestamp":"2026-09-26T07:39:29+02:00","action":"service_plan_create","actor_id":10,"target_id":1,"ip":"CLI","details":{"title":"Thánh Lễ Chúa Nhật Phụng Vụ","scheduled_date":"2026-10-01","status":"draft"}}
{"timestamp":"2026-09-26T07:39:29+02:00","action":"assignment_create","actor_id":10,"target_id":1,"ip":"CLI","details":{"assignment_id":1,"user_id":11,"role":"Ca viên Bè S","notes":null}}
{"timestamp":"2026-09-26T07:39:29+02:00","action":"assignment_create","actor_id":10,"target_id":1,"ip":"CLI","details":{"assignment_id":2,"user_id":12,"role":"Ca viên Bè A","notes":null}}
{"timestamp":"2026-09-26T07:39:29+02:00","action":"practice_assignment_create_from_plan","actor_id":10,"target_id":1,"ip":"CLI","details":{"assignments_count":2}}
{"timestamp":"2026-09-26T07:39:29+02:00","action":"practice_assignment_create_from_plan","actor_id":10,"target_id":1,"ip":"CLI","details":{"assignments_count":2}}
{"timestamp":"2026-09-26T07:39:29+02:00","action":"practice_assignment_create_adhoc","actor_id":10,"target_id":3,"ip":"CLI","details":{"song_id":"003-ngoi-gie-ho-va","targets":1}}
{"timestamp":"2026-09-26T07:39:29+02:00","action":"practice_assignment_create_adhoc","actor_id":10,"target_id":4,"ip":"CLI","details":{"song_id":"004-ha-le-lu-gia","targets":1}}
{"timestamp":"2026-09-26T07:39:48+02:00","action":"service_plan_create","actor_id":10,"target_id":1,"ip":"CLI","details":{"title":"Thánh Lễ Chúa Nhật Phụng Vụ","scheduled_date":"2026-10-01","status":"draft"}}
{"timestamp":"2026-09-26T07:39:48+02:00","action":"assignment_create","actor_id":10,"target_id":1,"ip":"CLI","details":{"assignment_id":1,"user_id":11,"role":"Ca viên Bè S","notes":null}}
{"timestamp":"2026-09-26T07:39:48+02:00","action":"assignment_create","actor_id":10,"target_id":1,"ip":"CLI","details":{"assignment_id":2,"user_id":12,"role":"Ca viên Bè A","notes":null}}
{"timestamp":"2026-09-26T07:39:48+02:00","action":"practice_assignment_create_from_plan","actor_id":10,"target_id":1,"ip":"CLI","details":{"assignments_count":2}}
{"timestamp":"2026-09-26T07:39:48+02:00","action":"practice_assignment_create_from_plan","actor_id":10,"target_id":1,"ip":"CLI","details":{"assignments_count":2}}
{"timestamp":"2026-09-26T07:39:48+02:00","action":"practice_assignment_create_adhoc","actor_id":10,"target_id":3,"ip":"CLI","details":{"song_id":"003-ngoi-gie-ho-va","targets":1}}
{"timestamp":"2026-09-26T07:39:48+02:00","action":"practice_assignment_create_adhoc","actor_id":10,"target_id":4,"ip":"CLI","details":{"song_id":"004-ha-le-lu-gia","targets":1}}
{"timestamp":"2026-09-26T07:45:01+02:00","action":"practice_assignment_create_adhoc","actor_id":1,"target_id":1,"ip":"CLI","details":{"song_id":"thanh-ca-001","targets":1}}
{"timestamp":"2026-09-26T07:46:13+02:00","action":"practice_assignment_create_adhoc","actor_id":1,"target_id":2,"ip":"CLI","details":{"song_id":"thanh-ca-001","targets":1}}
{"timestamp":"2026-09-26T07:46:16+02:00","action":"practice_assignment_create_adhoc","actor_id":1,"target_id":3,"ip":"CLI","details":{"song_id":"thanh-ca-001","targets":1}}
{"timestamp":"2026-09-26T07:49:39+02:00","action":"practice_assignment_create_adhoc","actor_id":1,"target_id":4,"ip":"CLI","details":{"song_id":"thanh-ca-001","targets":1}}
{"timestamp":"2026-09-26T07:49:43+02:00","action":"practice_assignment_create_adhoc","actor_id":1,"target_id":5,"ip":"CLI","details":{"song_id":"thanh-ca-001","targets":1}}
{"timestamp":"2026-09-26T07:49:56+02:00","action":"service_plan_create","actor_id":10,"target_id":1,"ip":"CLI","details":{"title":"Thánh Lễ Chúa Nhật Phụng Vụ","scheduled_date":"2026-10-01","status":"draft"}}
{"timestamp":"2026-09-26T07:49:56+02:00","action":"assignment_create","actor_id":10,"target_id":1,"ip":"CLI","details":{"assignment_id":1,"user_id":11,"role":"Ca viên Bè S","notes":null}}
{"timestamp":"2026-09-26T07:49:56+02:00","action":"assignment_create","actor_id":10,"target_id":1,"ip":"CLI","details":{"assignment_id":2,"user_id":12,"role":"Ca viên Bè A","notes":null}}
{"timestamp":"2026-09-26T07:49:56+02:00","action":"practice_assignment_create_from_plan","actor_id":10,"target_id":1,"ip":"CLI","details":{"assignments_count":2}}
{"timestamp":"2026-09-26T07:49:56+02:00","action":"practice_assignment_create_from_plan","actor_id":10,"target_id":1,"ip":"CLI","details":{"assignments_count":2}}
{"timestamp":"2026-09-26T07:49:56+02:00","action":"practice_assignment_create_adhoc","actor_id":10,"target_id":3,"ip":"CLI","details":{"song_id":"003-ngoi-gie-ho-va","targets":1}}
{"timestamp":"2026-09-26T07:49:56+02:00","action":"practice_assignment_create_adhoc","actor_id":10,"target_id":4,"ip":"CLI","details":{"song_id":"004-ha-le-lu-gia","targets":1}}
{"timestamp":"2026-09-26T07:50:40+02:00","action":"service_plan_create","actor_id":2,"target_id":1,"ip":"CLI","details":{"title":"Chúa Nhật Phục Sinh","scheduled_date":"2026-04-12","status":"draft"}}
{"timestamp":"2026-09-26T07:51:12+02:00","action":"service_plan_create","actor_id":10,"target_id":1,"ip":"CLI","details":{"title":"Thánh Lễ Chúa Nhật Phụng Vụ","scheduled_date":"2026-10-01","status":"draft"}}
{"timestamp":"2026-09-26T07:51:12+02:00","action":"assignment_create","actor_id":10,"target_id":1,"ip":"CLI","details":{"assignment_id":1,"user_id":11,"role":"Ca viên Bè S","notes":null}}
{"timestamp":"2026-09-26T07:51:12+02:00","action":"assignment_create","actor_id":10,"target_id":1,"ip":"CLI","details":{"assignment_id":2,"user_id":12,"role":"Ca viên Bè A","notes":null}}
{"timestamp":"2026-09-26T07:51:12+02:00","action":"practice_assignment_create_from_plan","actor_id":10,"target_id":1,"ip":"CLI","details":{"assignments_count":2}}
{"timestamp":"2026-09-26T07:51:12+02:00","action":"practice_assignment_create_from_plan","actor_id":10,"target_id":1,"ip":"CLI","details":{"assignments_count":2}}
{"timestamp":"2026-09-26T07:51:12+02:00","action":"practice_assignment_create_adhoc","actor_id":10,"target_id":3,"ip":"CLI","details":{"song_id":"003-ngoi-gie-ho-va","targets":1}}
{"timestamp":"2026-09-26T07:51:12+02:00","action":"practice_assignment_create_adhoc","actor_id":10,"target_id":4,"ip":"CLI","details":{"song_id":"004-ha-le-lu-gia","targets":1}}
{"timestamp":"2026-09-26T07:51:14+02:00","action":"user_create","actor_id":1,"target_id":24,"ip":"CLI","details":{"username":"test_leader_user","role":"leader","chord_code":"LEAD","instrument":"Chỉ huy \/ Piano","voice_part":"T"}}
{"timestamp":"2026-09-26T07:51:14+02:00","action":"user_profile_update","actor_id":1,"target_id":24,"ip":"CLI","details":{"display_name":"Ca Trưởng Đổi Bè","instrument":"Organ","chord_code":"LEAD","role":"leader","voice_part":"S","password_changed":false}}
{"timestamp":"2026-09-26T07:51:17+02:00","action":"service_plan_create","actor_id":1,"target_id":1,"ip":"CLI","details":{"title":"Thánh Lễ Chúa Nhật","scheduled_date":"2026-10-04","status":"draft"}}
{"timestamp":"2026-09-26T07:54:38+02:00","action":"service_plan_create","actor_id":2,"target_id":1,"ip":"CLI","details":{"title":"Chúa Nhật Phục Sinh","scheduled_date":"2026-04-12","status":"draft"}}
{"timestamp":"2026-09-26T07:55:10+02:00","action":"service_plan_create","actor_id":10,"target_id":1,"ip":"CLI","details":{"title":"Thánh Lễ Chúa Nhật Phụng Vụ","scheduled_date":"2026-10-01","status":"draft"}}
{"timestamp":"2026-09-26T07:55:10+02:00","action":"assignment_create","actor_id":10,"target_id":1,"ip":"CLI","details":{"assignment_id":1,"user_id":11,"role":"Ca viên Bè S","notes":null}}
{"timestamp":"2026-09-26T07:55:10+02:00","action":"assignment_create","actor_id":10,"target_id":1,"ip":"CLI","details":{"assignment_id":2,"user_id":12,"role":"Ca viên Bè A","notes":null}}
{"timestamp":"2026-09-26T07:55:10+02:00","action":"practice_assignment_create_from_plan","actor_id":10,"target_id":1,"ip":"CLI","details":{"assignments_count":2}}
{"timestamp":"2026-09-26T07:55:10+02:00","action":"practice_assignment_create_from_plan","actor_id":10,"target_id":1,"ip":"CLI","details":{"assignments_count":2}}
{"timestamp":"2026-09-26T07:55:10+02:00","action":"practice_assignment_create_adhoc","actor_id":10,"target_id":3,"ip":"CLI","details":{"song_id":"003-ngoi-gie-ho-va","targets":1}}
{"timestamp":"2026-09-26T07:55:10+02:00","action":"practice_assignment_create_adhoc","actor_id":10,"target_id":4,"ip":"CLI","details":{"song_id":"004-ha-le-lu-gia","targets":1}}
{"timestamp":"2026-09-26T07:55:11+02:00","action":"user_create","actor_id":1,"target_id":28,"ip":"CLI","details":{"username":"test_leader_user","role":"leader","chord_code":"LEAD","instrument":"Chỉ huy \/ Piano","voice_part":"T"}}
{"timestamp":"2026-09-26T07:55:11+02:00","action":"user_profile_update","actor_id":1,"target_id":28,"ip":"CLI","details":{"display_name":"Ca Trưởng Đổi Bè","instrument":"Organ","chord_code":"LEAD","role":"leader","voice_part":"S","password_changed":false}}
{"timestamp":"2026-09-26T07:55:15+02:00","action":"service_plan_create","actor_id":1,"target_id":1,"ip":"CLI","details":{"title":"Thánh Lễ Chúa Nhật","scheduled_date":"2026-10-04","status":"draft"}}
{"timestamp":"2026-09-26T08:23:48+02:00","action":"service_plan_create","actor_id":2,"target_id":1,"ip":"CLI","details":{"title":"Chúa Nhật Phục Sinh","scheduled_date":"2026-04-12","status":"draft"}}
{"timestamp":"2026-09-26T08:24:18+02:00","action":"service_plan_create","actor_id":10,"target_id":1,"ip":"CLI","details":{"title":"Thánh Lễ Chúa Nhật Phụng Vụ","scheduled_date":"2026-10-01","status":"draft"}}
{"timestamp":"2026-09-26T08:24:18+02:00","action":"assignment_create","actor_id":10,"target_id":1,"ip":"CLI","details":{"assignment_id":1,"user_id":11,"role":"Ca viên Bè S","notes":null}}
{"timestamp":"2026-09-26T08:24:18+02:00","action":"assignment_create","actor_id":10,"target_id":1,"ip":"CLI","details":{"assignment_id":2,"user_id":12,"role":"Ca viên Bè A","notes":null}}
{"timestamp":"2026-09-26T08:24:18+02:00","action":"practice_assignment_create_from_plan","actor_id":10,"target_id":1,"ip":"CLI","details":{"assignments_count":2}}
{"timestamp":"2026-09-26T08:24:18+02:00","action":"practice_assignment_create_from_plan","actor_id":10,"target_id":1,"ip":"CLI","details":{"assignments_count":2}}
{"timestamp":"2026-09-26T08:24:18+02:00","action":"practice_assignment_create_adhoc","actor_id":10,"target_id":3,"ip":"CLI","details":{"song_id":"003-ngoi-gie-ho-va","targets":1}}
{"timestamp":"2026-09-26T08:24:18+02:00","action":"practice_assignment_create_adhoc","actor_id":10,"target_id":4,"ip":"CLI","details":{"song_id":"004-ha-le-lu-gia","targets":1}}
{"timestamp":"2026-09-26T08:24:19+02:00","action":"user_create","actor_id":1,"target_id":32,"ip":"CLI","details":{"username":"test_leader_user","role":"leader","chord_code":"LEAD","instrument":"Chỉ huy \/ Piano","voice_part":"T"}}
{"timestamp":"2026-09-26T08:24:19+02:00","action":"user_profile_update","actor_id":1,"target_id":32,"ip":"CLI","details":{"display_name":"Ca Trưởng Đổi Bè","instrument":"Organ","chord_code":"LEAD","role":"leader","voice_part":"S","password_changed":false}}
{"timestamp":"2026-09-26T08:24:22+02:00","action":"service_plan_create","actor_id":1,"target_id":1,"ip":"CLI","details":{"title":"Thánh Lễ Chúa Nhật","scheduled_date":"2026-10-04","status":"draft"}}
{"timestamp":"2026-09-26T08:26:36+02:00","action":"service_plan_create","actor_id":2,"target_id":1,"ip":"CLI","details":{"title":"Chúa Nhật Phục Sinh","scheduled_date":"2026-04-12","status":"draft"}}
{"timestamp":"2026-09-26T08:27:06+02:00","action":"service_plan_create","actor_id":10,"target_id":1,"ip":"CLI","details":{"title":"Thánh Lễ Chúa Nhật Phụng Vụ","scheduled_date":"2026-10-01","status":"draft"}}
{"timestamp":"2026-09-26T08:27:06+02:00","action":"assignment_create","actor_id":10,"target_id":1,"ip":"CLI","details":{"assignment_id":1,"user_id":11,"role":"Ca viên Bè S","notes":null}}
{"timestamp":"2026-09-26T08:27:06+02:00","action":"assignment_create","actor_id":10,"target_id":1,"ip":"CLI","details":{"assignment_id":2,"user_id":12,"role":"Ca viên Bè A","notes":null}}
{"timestamp":"2026-09-26T08:27:06+02:00","action":"practice_assignment_create_from_plan","actor_id":10,"target_id":1,"ip":"CLI","details":{"assignments_count":2}}
{"timestamp":"2026-09-26T08:27:06+02:00","action":"practice_assignment_create_from_plan","actor_id":10,"target_id":1,"ip":"CLI","details":{"assignments_count":2}}
{"timestamp":"2026-09-26T08:27:06+02:00","action":"practice_assignment_create_adhoc","actor_id":10,"target_id":3,"ip":"CLI","details":{"song_id":"003-ngoi-gie-ho-va","targets":1}}
{"timestamp":"2026-09-26T08:27:06+02:00","action":"practice_assignment_create_adhoc","actor_id":10,"target_id":4,"ip":"CLI","details":{"song_id":"004-ha-le-lu-gia","targets":1}}
{"timestamp":"2026-09-26T08:27:07+02:00","action":"user_create","actor_id":1,"target_id":36,"ip":"CLI","details":{"username":"test_leader_user","role":"leader","chord_code":"LEAD","instrument":"Chỉ huy \/ Piano","voice_part":"T"}}
{"timestamp":"2026-09-26T08:27:07+02:00","action":"user_profile_update","actor_id":1,"target_id":36,"ip":"CLI","details":{"display_name":"Ca Trưởng Đổi Bè","instrument":"Organ","chord_code":"LEAD","role":"leader","voice_part":"S","password_changed":false}}
{"timestamp":"2026-09-26T08:27:10+02:00","action":"service_plan_create","actor_id":1,"target_id":1,"ip":"CLI","details":{"title":"Thánh Lễ Chúa Nhật","scheduled_date":"2026-10-04","status":"draft"}}
{"timestamp":"2026-09-26T08:41:43+02:00","action":"review_submit","actor_id":3,"target_id":1,"ip":"CLI","details":{"target_type":"chord_set","target_id":101,"song_id":"test-song-rev","review_type":"recommend"}}
{"timestamp":"2026-09-26T08:42:30+02:00","action":"review_submit","actor_id":3,"target_id":1,"ip":"CLI","details":{"target_type":"chord_set","target_id":101,"song_id":"test-song-rev","review_type":"recommend"}}
{"timestamp":"2026-09-26T08:43:29+02:00","action":"review_submit","actor_id":3,"target_id":1,"ip":"CLI","details":{"target_type":"chord_set","target_id":101,"song_id":"test-song-rev","review_type":"recommend"}}
{"timestamp":"2026-09-26T08:43:29+02:00","action":"review_submit","actor_id":3,"target_id":2,"ip":"CLI","details":{"target_type":"chord_set","target_id":101,"song_id":"test-song-rev","review_type":"update_hd"}}
{"timestamp":"2026-09-26T08:44:41+02:00","action":"review_submit","actor_id":3,"target_id":1,"ip":"CLI","details":{"target_type":"chord_set","target_id":101,"song_id":"test-song-rev","review_type":"recommend"}}
{"timestamp":"2026-09-26T08:44:41+02:00","action":"review_submit","actor_id":3,"target_id":2,"ip":"CLI","details":{"target_type":"chord_set","target_id":101,"song_id":"test-song-rev","review_type":"update_hd"}}
{"timestamp":"2026-09-26T08:44:41+02:00","action":"review_submit","actor_id":3,"target_id":3,"ip":"CLI","details":{"target_type":"chord_set","target_id":101,"song_id":"test-song-rev","review_type":"recommend"}}
{"timestamp":"2026-09-26T08:44:41+02:00","action":"review_approve","actor_id":4,"target_id":3,"ip":"CLI","details":{"review_type":"recommend","target_type":"chord_set","target_id":101,"song_id":"test-song-rev"}}
{"timestamp":"2026-09-26T08:44:41+02:00","action":"review_submit","actor_id":3,"target_id":4,"ip":"CLI","details":{"target_type":"chord_set","target_id":102,"song_id":"test-song-rev","review_type":"update_hd"}}
{"timestamp":"2026-09-26T08:44:41+02:00","action":"review_approve","actor_id":1,"target_id":4,"ip":"CLI","details":{"review_type":"update_hd","target_type":"chord_set","target_id":102,"song_id":"test-song-rev"}}
{"timestamp":"2026-09-26T08:44:41+02:00","action":"review_rollback_hd","actor_id":1,"target_id":1,"ip":"CLI","details":{"song_id":"test-song-rev","source_history_id":1}}
{"timestamp":"2026-09-26T08:44:41+02:00","action":"review_submit","actor_id":3,"target_id":5,"ip":"CLI","details":{"target_type":"chord_set","target_id":101,"song_id":"test-song-rev","review_type":"recommend"}}
{"timestamp":"2026-09-26T08:44:41+02:00","action":"review_reject","actor_id":4,"target_id":5,"ip":"CLI","details":{"reason":"Hợp âm ô nhịp 2 bị chói giọng với bè Nữ, vui lòng chỉnh lại","submitted_by":3}}
{"timestamp":"2026-09-26T08:44:41+02:00","action":"review_submit","actor_id":3,"target_id":6,"ip":"CLI","details":{"target_type":"chord_set","target_id":101,"song_id":"test-song-rev","review_type":"recommend"}}
{"timestamp":"2026-09-26T08:44:41+02:00","action":"review_withdraw","actor_id":3,"target_id":6,"ip":"CLI","details":[]}
{"timestamp":"2026-09-26T08:45:19+02:00","action":"service_plan_create","actor_id":2,"target_id":1,"ip":"CLI","details":{"title":"Chúa Nhật Phục Sinh","scheduled_date":"2026-04-12","status":"draft"}}
{"timestamp":"2026-09-26T08:45:43+02:00","action":"service_plan_create","actor_id":10,"target_id":1,"ip":"CLI","details":{"title":"Thánh Lễ Chúa Nhật Phụng Vụ","scheduled_date":"2026-10-01","status":"draft"}}
{"timestamp":"2026-09-26T08:45:43+02:00","action":"assignment_create","actor_id":10,"target_id":1,"ip":"CLI","details":{"assignment_id":1,"user_id":11,"role":"Ca viên Bè S","notes":null}}
{"timestamp":"2026-09-26T08:45:43+02:00","action":"assignment_create","actor_id":10,"target_id":1,"ip":"CLI","details":{"assignment_id":2,"user_id":12,"role":"Ca viên Bè A","notes":null}}
{"timestamp":"2026-09-26T08:45:43+02:00","action":"practice_assignment_create_from_plan","actor_id":10,"target_id":1,"ip":"CLI","details":{"assignments_count":2}}
{"timestamp":"2026-09-26T08:45:43+02:00","action":"practice_assignment_create_from_plan","actor_id":10,"target_id":1,"ip":"CLI","details":{"assignments_count":2}}
{"timestamp":"2026-09-26T08:45:43+02:00","action":"practice_assignment_create_adhoc","actor_id":10,"target_id":3,"ip":"CLI","details":{"song_id":"003-ngoi-gie-ho-va","targets":1}}
{"timestamp":"2026-09-26T08:45:43+02:00","action":"practice_assignment_create_adhoc","actor_id":10,"target_id":4,"ip":"CLI","details":{"song_id":"004-ha-le-lu-gia","targets":1}}
{"timestamp":"2026-09-26T08:45:44+02:00","action":"review_submit","actor_id":3,"target_id":1,"ip":"CLI","details":{"target_type":"chord_set","target_id":101,"song_id":"test-song-rev","review_type":"recommend"}}
{"timestamp":"2026-09-26T08:45:44+02:00","action":"review_submit","actor_id":3,"target_id":2,"ip":"CLI","details":{"target_type":"chord_set","target_id":101,"song_id":"test-song-rev","review_type":"update_hd"}}
{"timestamp":"2026-09-26T08:45:44+02:00","action":"review_submit","actor_id":3,"target_id":3,"ip":"CLI","details":{"target_type":"chord_set","target_id":101,"song_id":"test-song-rev","review_type":"recommend"}}
{"timestamp":"2026-09-26T08:45:44+02:00","action":"review_approve","actor_id":4,"target_id":3,"ip":"CLI","details":{"review_type":"recommend","target_type":"chord_set","target_id":101,"song_id":"test-song-rev"}}
{"timestamp":"2026-09-26T08:45:44+02:00","action":"review_submit","actor_id":3,"target_id":4,"ip":"CLI","details":{"target_type":"chord_set","target_id":102,"song_id":"test-song-rev","review_type":"update_hd"}}
{"timestamp":"2026-09-26T08:45:44+02:00","action":"review_approve","actor_id":1,"target_id":4,"ip":"CLI","details":{"review_type":"update_hd","target_type":"chord_set","target_id":102,"song_id":"test-song-rev"}}
{"timestamp":"2026-09-26T08:45:44+02:00","action":"review_rollback_hd","actor_id":1,"target_id":1,"ip":"CLI","details":{"song_id":"test-song-rev","source_history_id":1}}
{"timestamp":"2026-09-26T08:45:44+02:00","action":"review_submit","actor_id":3,"target_id":5,"ip":"CLI","details":{"target_type":"chord_set","target_id":101,"song_id":"test-song-rev","review_type":"recommend"}}
{"timestamp":"2026-09-26T08:45:44+02:00","action":"review_reject","actor_id":4,"target_id":5,"ip":"CLI","details":{"reason":"Hợp âm ô nhịp 2 bị chói giọng với bè Nữ, vui lòng chỉnh lại","submitted_by":3}}
{"timestamp":"2026-09-26T08:45:44+02:00","action":"review_submit","actor_id":3,"target_id":6,"ip":"CLI","details":{"target_type":"chord_set","target_id":101,"song_id":"test-song-rev","review_type":"recommend"}}
{"timestamp":"2026-09-26T08:45:44+02:00","action":"review_withdraw","actor_id":3,"target_id":6,"ip":"CLI","details":[]}
{"timestamp":"2026-09-26T08:45:44+02:00","action":"user_create","actor_id":1,"target_id":40,"ip":"CLI","details":{"username":"test_leader_user","role":"leader","chord_code":"LEAD","instrument":"Chỉ huy \/ Piano","voice_part":"T"}}
{"timestamp":"2026-09-26T08:45:44+02:00","action":"user_profile_update","actor_id":1,"target_id":40,"ip":"CLI","details":{"display_name":"Ca Trưởng Đổi Bè","instrument":"Organ","chord_code":"LEAD","role":"leader","voice_part":"S","password_changed":false}}
{"timestamp":"2026-09-26T08:45:47+02:00","action":"service_plan_create","actor_id":1,"target_id":1,"ip":"CLI","details":{"title":"Thánh Lễ Chúa Nhật","scheduled_date":"2026-10-04","status":"draft"}}
{"timestamp":"2026-09-26T09:46:19+02:00","action":"service_plan_create","actor_id":2,"target_id":1,"ip":"CLI","details":{"title":"Chúa Nhật Phục Sinh","scheduled_date":"2026-04-12","status":"draft"}}
{"timestamp":"2026-09-26T09:46:46+02:00","action":"service_plan_create","actor_id":10,"target_id":1,"ip":"CLI","details":{"title":"Thánh Lễ Chúa Nhật Phụng Vụ","scheduled_date":"2026-10-01","status":"draft"}}
{"timestamp":"2026-09-26T09:46:46+02:00","action":"assignment_create","actor_id":10,"target_id":1,"ip":"CLI","details":{"assignment_id":1,"user_id":11,"role":"Ca viên Bè S","notes":null}}
{"timestamp":"2026-09-26T09:46:46+02:00","action":"assignment_create","actor_id":10,"target_id":1,"ip":"CLI","details":{"assignment_id":2,"user_id":12,"role":"Ca viên Bè A","notes":null}}
{"timestamp":"2026-09-26T09:46:46+02:00","action":"practice_assignment_create_from_plan","actor_id":10,"target_id":1,"ip":"CLI","details":{"assignments_count":2}}
{"timestamp":"2026-09-26T09:46:46+02:00","action":"practice_assignment_create_from_plan","actor_id":10,"target_id":1,"ip":"CLI","details":{"assignments_count":2}}
{"timestamp":"2026-09-26T09:46:46+02:00","action":"practice_assignment_create_adhoc","actor_id":10,"target_id":3,"ip":"CLI","details":{"song_id":"003-ngoi-gie-ho-va","targets":1}}
{"timestamp":"2026-09-26T09:46:46+02:00","action":"practice_assignment_create_adhoc","actor_id":10,"target_id":4,"ip":"CLI","details":{"song_id":"004-ha-le-lu-gia","targets":1}}
{"timestamp":"2026-09-26T09:46:47+02:00","action":"review_submit","actor_id":3,"target_id":1,"ip":"CLI","details":{"target_type":"chord_set","target_id":101,"song_id":"test-song-rev","review_type":"recommend"}}
{"timestamp":"2026-09-26T09:46:47+02:00","action":"review_submit","actor_id":3,"target_id":2,"ip":"CLI","details":{"target_type":"chord_set","target_id":101,"song_id":"test-song-rev","review_type":"update_hd"}}
{"timestamp":"2026-09-26T09:46:47+02:00","action":"review_submit","actor_id":3,"target_id":3,"ip":"CLI","details":{"target_type":"chord_set","target_id":101,"song_id":"test-song-rev","review_type":"recommend"}}
{"timestamp":"2026-09-26T09:46:47+02:00","action":"review_approve","actor_id":4,"target_id":3,"ip":"CLI","details":{"review_type":"recommend","target_type":"chord_set","target_id":101,"song_id":"test-song-rev"}}
{"timestamp":"2026-09-26T09:46:47+02:00","action":"review_submit","actor_id":3,"target_id":4,"ip":"CLI","details":{"target_type":"chord_set","target_id":102,"song_id":"test-song-rev","review_type":"update_hd"}}
{"timestamp":"2026-09-26T09:46:47+02:00","action":"review_approve","actor_id":1,"target_id":4,"ip":"CLI","details":{"review_type":"update_hd","target_type":"chord_set","target_id":102,"song_id":"test-song-rev"}}
{"timestamp":"2026-09-26T09:46:47+02:00","action":"review_rollback_hd","actor_id":1,"target_id":1,"ip":"CLI","details":{"song_id":"test-song-rev","source_history_id":1}}
{"timestamp":"2026-09-26T09:46:47+02:00","action":"review_submit","actor_id":3,"target_id":5,"ip":"CLI","details":{"target_type":"chord_set","target_id":101,"song_id":"test-song-rev","review_type":"recommend"}}
{"timestamp":"2026-09-26T09:46:47+02:00","action":"review_reject","actor_id":4,"target_id":5,"ip":"CLI","details":{"reason":"Hợp âm ô nhịp 2 bị chói giọng với bè Nữ, vui lòng chỉnh lại","submitted_by":3}}
{"timestamp":"2026-09-26T09:46:47+02:00","action":"review_submit","actor_id":3,"target_id":6,"ip":"CLI","details":{"target_type":"chord_set","target_id":101,"song_id":"test-song-rev","review_type":"recommend"}}
{"timestamp":"2026-09-26T09:46:47+02:00","action":"review_withdraw","actor_id":3,"target_id":6,"ip":"CLI","details":[]}
{"timestamp":"2026-09-26T09:46:47+02:00","action":"user_create","actor_id":1,"target_id":44,"ip":"CLI","details":{"username":"test_leader_user","role":"leader","chord_code":"LEAD","instrument":"Chỉ huy \/ Piano","voice_part":"T"}}
{"timestamp":"2026-09-26T09:46:47+02:00","action":"user_profile_update","actor_id":1,"target_id":44,"ip":"CLI","details":{"display_name":"Ca Trưởng Đổi Bè","instrument":"Organ","chord_code":"LEAD","role":"leader","voice_part":"S","password_changed":false}}
{"timestamp":"2026-09-26T09:46:50+02:00","action":"service_plan_create","actor_id":1,"target_id":1,"ip":"CLI","details":{"title":"Thánh Lễ Chúa Nhật","scheduled_date":"2026-10-04","status":"draft"}}
{"timestamp":"2026-09-26T09:56:51+02:00","action":"service_plan_create","actor_id":2,"target_id":1,"ip":"CLI","details":{"title":"Chúa Nhật Phục Sinh","scheduled_date":"2026-04-12","status":"draft"}}
{"timestamp":"2026-09-26T09:57:18+02:00","action":"service_plan_create","actor_id":10,"target_id":1,"ip":"CLI","details":{"title":"Thánh Lễ Chúa Nhật Phụng Vụ","scheduled_date":"2026-10-01","status":"draft"}}
{"timestamp":"2026-09-26T09:57:18+02:00","action":"assignment_create","actor_id":10,"target_id":1,"ip":"CLI","details":{"assignment_id":1,"user_id":11,"role":"Ca viên Bè S","notes":null}}
{"timestamp":"2026-09-26T09:57:18+02:00","action":"assignment_create","actor_id":10,"target_id":1,"ip":"CLI","details":{"assignment_id":2,"user_id":12,"role":"Ca viên Bè A","notes":null}}
{"timestamp":"2026-09-26T09:57:18+02:00","action":"practice_assignment_create_from_plan","actor_id":10,"target_id":1,"ip":"CLI","details":{"assignments_count":2}}
{"timestamp":"2026-09-26T09:57:18+02:00","action":"practice_assignment_create_from_plan","actor_id":10,"target_id":1,"ip":"CLI","details":{"assignments_count":2}}
{"timestamp":"2026-09-26T09:57:18+02:00","action":"practice_assignment_create_adhoc","actor_id":10,"target_id":3,"ip":"CLI","details":{"song_id":"003-ngoi-gie-ho-va","targets":1}}
{"timestamp":"2026-09-26T09:57:18+02:00","action":"practice_assignment_create_adhoc","actor_id":10,"target_id":4,"ip":"CLI","details":{"song_id":"004-ha-le-lu-gia","targets":1}}
{"timestamp":"2026-09-26T09:57:19+02:00","action":"review_submit","actor_id":3,"target_id":1,"ip":"CLI","details":{"target_type":"chord_set","target_id":101,"song_id":"test-song-rev","review_type":"recommend"}}
{"timestamp":"2026-09-26T09:57:19+02:00","action":"review_submit","actor_id":3,"target_id":2,"ip":"CLI","details":{"target_type":"chord_set","target_id":101,"song_id":"test-song-rev","review_type":"update_hd"}}
{"timestamp":"2026-09-26T09:57:19+02:00","action":"review_submit","actor_id":3,"target_id":3,"ip":"CLI","details":{"target_type":"chord_set","target_id":101,"song_id":"test-song-rev","review_type":"recommend"}}
{"timestamp":"2026-09-26T09:57:19+02:00","action":"review_approve","actor_id":4,"target_id":3,"ip":"CLI","details":{"review_type":"recommend","target_type":"chord_set","target_id":101,"song_id":"test-song-rev"}}
{"timestamp":"2026-09-26T09:57:19+02:00","action":"review_submit","actor_id":3,"target_id":4,"ip":"CLI","details":{"target_type":"chord_set","target_id":102,"song_id":"test-song-rev","review_type":"update_hd"}}
{"timestamp":"2026-09-26T09:57:19+02:00","action":"review_approve","actor_id":1,"target_id":4,"ip":"CLI","details":{"review_type":"update_hd","target_type":"chord_set","target_id":102,"song_id":"test-song-rev"}}
{"timestamp":"2026-09-26T09:57:19+02:00","action":"review_rollback_hd","actor_id":1,"target_id":1,"ip":"CLI","details":{"song_id":"test-song-rev","source_history_id":1}}
{"timestamp":"2026-09-26T09:57:19+02:00","action":"review_submit","actor_id":3,"target_id":5,"ip":"CLI","details":{"target_type":"chord_set","target_id":101,"song_id":"test-song-rev","review_type":"recommend"}}
{"timestamp":"2026-09-26T09:57:19+02:00","action":"review_reject","actor_id":4,"target_id":5,"ip":"CLI","details":{"reason":"Hợp âm ô nhịp 2 bị chói giọng với bè Nữ, vui lòng chỉnh lại","submitted_by":3}}
{"timestamp":"2026-09-26T09:57:19+02:00","action":"review_submit","actor_id":3,"target_id":6,"ip":"CLI","details":{"target_type":"chord_set","target_id":101,"song_id":"test-song-rev","review_type":"recommend"}}
{"timestamp":"2026-09-26T09:57:19+02:00","action":"review_withdraw","actor_id":3,"target_id":6,"ip":"CLI","details":[]}
{"timestamp":"2026-09-26T09:57:19+02:00","action":"user_create","actor_id":1,"target_id":48,"ip":"CLI","details":{"username":"test_leader_user","role":"leader","chord_code":"LEAD","instrument":"Chỉ huy \/ Piano","voice_part":"T"}}
{"timestamp":"2026-09-26T09:57:19+02:00","action":"user_profile_update","actor_id":1,"target_id":48,"ip":"CLI","details":{"display_name":"Ca Trưởng Đổi Bè","instrument":"Organ","chord_code":"LEAD","role":"leader","voice_part":"S","password_changed":false}}
{"timestamp":"2026-09-26T09:57:22+02:00","action":"service_plan_create","actor_id":1,"target_id":1,"ip":"CLI","details":{"title":"Thánh Lễ Chúa Nhật","scheduled_date":"2026-10-04","status":"draft"}}
{"timestamp":"2026-09-26T10:05:03+02:00","action":"service_plan_create","actor_id":2,"target_id":1,"ip":"CLI","details":{"title":"Chúa Nhật Phục Sinh","scheduled_date":"2026-04-12","status":"draft"}}
{"timestamp":"2026-09-26T10:05:42+02:00","action":"service_plan_create","actor_id":10,"target_id":1,"ip":"CLI","details":{"title":"Thánh Lễ Chúa Nhật Phụng Vụ","scheduled_date":"2026-10-01","status":"draft"}}
{"timestamp":"2026-09-26T10:05:42+02:00","action":"assignment_create","actor_id":10,"target_id":1,"ip":"CLI","details":{"assignment_id":1,"user_id":11,"role":"Ca viên Bè S","notes":null}}
{"timestamp":"2026-09-26T10:05:42+02:00","action":"assignment_create","actor_id":10,"target_id":1,"ip":"CLI","details":{"assignment_id":2,"user_id":12,"role":"Ca viên Bè A","notes":null}}
{"timestamp":"2026-09-26T10:05:42+02:00","action":"practice_assignment_create_from_plan","actor_id":10,"target_id":1,"ip":"CLI","details":{"assignments_count":2}}
{"timestamp":"2026-09-26T10:05:42+02:00","action":"practice_assignment_create_from_plan","actor_id":10,"target_id":1,"ip":"CLI","details":{"assignments_count":2}}
{"timestamp":"2026-09-26T10:05:42+02:00","action":"practice_assignment_create_adhoc","actor_id":10,"target_id":3,"ip":"CLI","details":{"song_id":"003-ngoi-gie-ho-va","targets":1}}
{"timestamp":"2026-09-26T10:05:42+02:00","action":"practice_assignment_create_adhoc","actor_id":10,"target_id":4,"ip":"CLI","details":{"song_id":"004-ha-le-lu-gia","targets":1}}
{"timestamp":"2026-09-26T10:05:44+02:00","action":"review_submit","actor_id":3,"target_id":1,"ip":"CLI","details":{"target_type":"chord_set","target_id":101,"song_id":"test-song-rev","review_type":"recommend"}}
{"timestamp":"2026-09-26T10:05:44+02:00","action":"review_submit","actor_id":3,"target_id":2,"ip":"CLI","details":{"target_type":"chord_set","target_id":101,"song_id":"test-song-rev","review_type":"update_hd"}}
{"timestamp":"2026-09-26T10:05:44+02:00","action":"review_submit","actor_id":3,"target_id":3,"ip":"CLI","details":{"target_type":"chord_set","target_id":101,"song_id":"test-song-rev","review_type":"recommend"}}
{"timestamp":"2026-09-26T10:05:44+02:00","action":"review_approve","actor_id":4,"target_id":3,"ip":"CLI","details":{"review_type":"recommend","target_type":"chord_set","target_id":101,"song_id":"test-song-rev"}}
{"timestamp":"2026-09-26T10:05:44+02:00","action":"review_submit","actor_id":3,"target_id":4,"ip":"CLI","details":{"target_type":"chord_set","target_id":102,"song_id":"test-song-rev","review_type":"update_hd"}}
{"timestamp":"2026-09-26T10:05:44+02:00","action":"review_approve","actor_id":1,"target_id":4,"ip":"CLI","details":{"review_type":"update_hd","target_type":"chord_set","target_id":102,"song_id":"test-song-rev"}}
{"timestamp":"2026-09-26T10:05:44+02:00","action":"review_rollback_hd","actor_id":1,"target_id":1,"ip":"CLI","details":{"song_id":"test-song-rev","source_history_id":1}}
{"timestamp":"2026-09-26T10:05:44+02:00","action":"review_submit","actor_id":3,"target_id":5,"ip":"CLI","details":{"target_type":"chord_set","target_id":101,"song_id":"test-song-rev","review_type":"recommend"}}
{"timestamp":"2026-09-26T10:05:44+02:00","action":"review_reject","actor_id":4,"target_id":5,"ip":"CLI","details":{"reason":"Hợp âm ô nhịp 2 bị chói giọng với bè Nữ, vui lòng chỉnh lại","submitted_by":3}}
{"timestamp":"2026-09-26T10:05:44+02:00","action":"review_submit","actor_id":3,"target_id":6,"ip":"CLI","details":{"target_type":"chord_set","target_id":101,"song_id":"test-song-rev","review_type":"recommend"}}
{"timestamp":"2026-09-26T10:05:44+02:00","action":"review_withdraw","actor_id":3,"target_id":6,"ip":"CLI","details":[]}
{"timestamp":"2026-09-26T10:05:44+02:00","action":"user_create","actor_id":1,"target_id":52,"ip":"CLI","details":{"username":"test_leader_user","role":"leader","chord_code":"LEAD","instrument":"Chỉ huy \/ Piano","voice_part":"T"}}
{"timestamp":"2026-09-26T10:05:44+02:00","action":"user_profile_update","actor_id":1,"target_id":52,"ip":"CLI","details":{"display_name":"Ca Trưởng Đổi Bè","instrument":"Organ","chord_code":"LEAD","role":"leader","voice_part":"S","password_changed":false}}
{"timestamp":"2026-09-26T10:05:49+02:00","action":"service_plan_create","actor_id":1,"target_id":1,"ip":"CLI","details":{"title":"Thánh Lễ Chúa Nhật","scheduled_date":"2026-10-04","status":"draft"}}
{"timestamp":"2026-09-26T10:10:12+02:00","action":"service_plan_create","actor_id":2,"target_id":1,"ip":"CLI","details":{"title":"Chúa Nhật Phục Sinh","scheduled_date":"2026-04-12","status":"draft"}}
{"timestamp":"2026-09-26T10:10:49+02:00","action":"service_plan_create","actor_id":10,"target_id":1,"ip":"CLI","details":{"title":"Thánh Lễ Chúa Nhật Phụng Vụ","scheduled_date":"2026-10-01","status":"draft"}}
{"timestamp":"2026-09-26T10:10:49+02:00","action":"assignment_create","actor_id":10,"target_id":1,"ip":"CLI","details":{"assignment_id":1,"user_id":11,"role":"Ca viên Bè S","notes":null}}
{"timestamp":"2026-09-26T10:10:49+02:00","action":"assignment_create","actor_id":10,"target_id":1,"ip":"CLI","details":{"assignment_id":2,"user_id":12,"role":"Ca viên Bè A","notes":null}}
{"timestamp":"2026-09-26T10:10:49+02:00","action":"practice_assignment_create_from_plan","actor_id":10,"target_id":1,"ip":"CLI","details":{"assignments_count":2}}
{"timestamp":"2026-09-26T10:10:49+02:00","action":"practice_assignment_create_from_plan","actor_id":10,"target_id":1,"ip":"CLI","details":{"assignments_count":2}}
{"timestamp":"2026-09-26T10:10:49+02:00","action":"practice_assignment_create_adhoc","actor_id":10,"target_id":3,"ip":"CLI","details":{"song_id":"003-ngoi-gie-ho-va","targets":1}}
{"timestamp":"2026-09-26T10:10:49+02:00","action":"practice_assignment_create_adhoc","actor_id":10,"target_id":4,"ip":"CLI","details":{"song_id":"004-ha-le-lu-gia","targets":1}}
{"timestamp":"2026-09-26T10:10:50+02:00","action":"review_submit","actor_id":3,"target_id":1,"ip":"CLI","details":{"target_type":"chord_set","target_id":101,"song_id":"test-song-rev","review_type":"recommend"}}
{"timestamp":"2026-09-26T10:10:50+02:00","action":"review_submit","actor_id":3,"target_id":2,"ip":"CLI","details":{"target_type":"chord_set","target_id":101,"song_id":"test-song-rev","review_type":"update_hd"}}
{"timestamp":"2026-09-26T10:10:50+02:00","action":"review_submit","actor_id":3,"target_id":3,"ip":"CLI","details":{"target_type":"chord_set","target_id":101,"song_id":"test-song-rev","review_type":"recommend"}}
{"timestamp":"2026-09-26T10:10:50+02:00","action":"review_approve","actor_id":4,"target_id":3,"ip":"CLI","details":{"review_type":"recommend","target_type":"chord_set","target_id":101,"song_id":"test-song-rev"}}
{"timestamp":"2026-09-26T10:10:50+02:00","action":"review_submit","actor_id":3,"target_id":4,"ip":"CLI","details":{"target_type":"chord_set","target_id":102,"song_id":"test-song-rev","review_type":"update_hd"}}
{"timestamp":"2026-09-26T10:10:50+02:00","action":"review_approve","actor_id":1,"target_id":4,"ip":"CLI","details":{"review_type":"update_hd","target_type":"chord_set","target_id":102,"song_id":"test-song-rev"}}
{"timestamp":"2026-09-26T10:10:50+02:00","action":"review_rollback_hd","actor_id":1,"target_id":1,"ip":"CLI","details":{"song_id":"test-song-rev","source_history_id":1}}
{"timestamp":"2026-09-26T10:10:50+02:00","action":"review_submit","actor_id":3,"target_id":5,"ip":"CLI","details":{"target_type":"chord_set","target_id":101,"song_id":"test-song-rev","review_type":"recommend"}}
{"timestamp":"2026-09-26T10:10:50+02:00","action":"review_reject","actor_id":4,"target_id":5,"ip":"CLI","details":{"reason":"Hợp âm ô nhịp 2 bị chói giọng với bè Nữ, vui lòng chỉnh lại","submitted_by":3}}
{"timestamp":"2026-09-26T10:10:50+02:00","action":"review_submit","actor_id":3,"target_id":6,"ip":"CLI","details":{"target_type":"chord_set","target_id":101,"song_id":"test-song-rev","review_type":"recommend"}}
{"timestamp":"2026-09-26T10:10:50+02:00","action":"review_withdraw","actor_id":3,"target_id":6,"ip":"CLI","details":[]}
{"timestamp":"2026-09-26T10:10:51+02:00","action":"user_create","actor_id":1,"target_id":56,"ip":"CLI","details":{"username":"test_leader_user","role":"leader","chord_code":"LEAD","instrument":"Chỉ huy \/ Piano","voice_part":"T"}}
{"timestamp":"2026-09-26T10:10:51+02:00","action":"user_profile_update","actor_id":1,"target_id":56,"ip":"CLI","details":{"display_name":"Ca Trưởng Đổi Bè","instrument":"Organ","chord_code":"LEAD","role":"leader","voice_part":"S","password_changed":false}}
{"timestamp":"2026-09-26T10:10:56+02:00","action":"service_plan_create","actor_id":1,"target_id":1,"ip":"CLI","details":{"title":"Thánh Lễ Chúa Nhật","scheduled_date":"2026-10-04","status":"draft"}}
{"timestamp":"2026-09-26T10:11:18+02:00","action":"user_profile_update","actor_id":7,"target_id":6,"ip":"::1","details":{"display_name":"Khách Xem","instrument":"Guitar","chord_code":"","role":"leader","voice_part":"T","password_changed":false}}
{"timestamp":"2026-09-26T10:11:20+02:00","action":"user_profile_update","actor_id":7,"target_id":6,"ip":"::1","details":{"display_name":"Khách Xem","instrument":"Guitar","chord_code":"","role":"viewer","voice_part":"T","password_changed":false}}
{"timestamp":"2026-09-26T10:11:33+02:00","action":"user_role_change","actor_id":7,"target_id":6,"ip":"::1","details":{"old_role":"viewer","new_role":"banhat"}}
{"timestamp":"2026-09-26T10:11:33+02:00","action":"user_role_change","actor_id":7,"target_id":6,"ip":"::1","details":{"old_role":"banhat","new_role":"viewer"}}
{"timestamp":"2026-09-26T10:11:44+02:00","action":"service_plan_create","actor_id":1,"target_id":81,"ip":"CLI","details":{"title":"Thánh Lễ Chúa Nhật E2E 7ce018","scheduled_date":"2026-09-29","status":"draft"}}
{"timestamp":"2026-09-26T10:11:44+02:00","action":"assignment_create","actor_id":1,"target_id":81,"ip":"CLI","details":{"assignment_id":24,"user_id":1,"role":"Ca viên Bè S","notes":"Ghi chú tập bè"}}
{"timestamp":"2026-09-26T10:11:44+02:00","action":"service_plan_update","actor_id":1,"target_id":81,"ip":"CLI","details":{"status":"published"}}
{"timestamp":"2026-09-26T10:11:44+02:00","action":"service_plan_publish","actor_id":1,"target_id":81,"ip":"CLI","details":{"status":"published"}}
{"timestamp":"2026-09-26T10:11:49+02:00","action":"service_plan_create","actor_id":1,"target_id":82,"ip":"::1","details":{"title":"E2E Setlist Offline Test 1790410309543","scheduled_date":"2026-10-15","status":"draft"}}
{"timestamp":"2026-09-26T10:11:49+02:00","action":"service_plan_update","actor_id":1,"target_id":82,"ip":"::1","details":{"status":"published"}}
{"timestamp":"2026-09-26T10:11:49+02:00","action":"service_plan_publish","actor_id":1,"target_id":82,"ip":"::1","details":{"status":"published"}}
{"timestamp":"2026-09-26T10:11:53+02:00","action":"service_plan_delete","actor_id":1,"target_id":82,"ip":"::1","details":[]}
{"timestamp":"2026-09-26T10:11:53+02:00","action":"practice_assignment_create_adhoc","actor_id":1,"target_id":6,"ip":"CLI","details":{"song_id":"thanh-ca-001","targets":1}}
{"timestamp":"2026-09-26T10:12:02+02:00","action":"service_plan_create","actor_id":1,"target_id":83,"ip":"CLI","details":{"title":"E2E Test Setlist BPM 90 - 1790410322","scheduled_date":"2026-09-26","status":"draft"}}
{"timestamp":"2026-09-26T10:12:04+02:00","action":"service_plan_delete","actor_id":null,"target_id":83,"ip":"CLI","details":[]}
{"timestamp":"2026-09-26T10:12:04+02:00","action":"service_plan_create","actor_id":1,"target_id":84,"ip":"CLI","details":{"title":"E2E Test Setlist 5 Songs - 1790410324","scheduled_date":"2026-09-26","status":"draft"}}
{"timestamp":"2026-09-26T10:12:10+02:00","action":"service_plan_delete","actor_id":null,"target_id":84,"ip":"CLI","details":[]}
{"timestamp":"2026-09-26T10:12:29+02:00","action":"user_profile_update","actor_id":7,"target_id":6,"ip":"::1","details":{"display_name":"Khách Xem","instrument":"Guitar","chord_code":"","role":"leader","voice_part":"T","password_changed":false}}
{"timestamp":"2026-09-26T10:12:33+02:00","action":"user_profile_update","actor_id":7,"target_id":6,"ip":"::1","details":{"display_name":"Khách Xem","instrument":"Guitar","chord_code":"","role":"viewer","voice_part":"T","password_changed":false}}
{"timestamp":"2026-09-26T10:12:51+02:00","action":"user_role_change","actor_id":7,"target_id":6,"ip":"::1","details":{"old_role":"viewer","new_role":"banhat"}}
{"timestamp":"2026-09-26T10:12:51+02:00","action":"user_role_change","actor_id":7,"target_id":6,"ip":"::1","details":{"old_role":"banhat","new_role":"viewer"}}
{"timestamp":"2026-09-26T10:13:13+02:00","action":"service_plan_create","actor_id":1,"target_id":85,"ip":"CLI","details":{"title":"Thánh Lễ Chúa Nhật E2E a54299","scheduled_date":"2026-09-29","status":"draft"}}
{"timestamp":"2026-09-26T10:13:13+02:00","action":"assignment_create","actor_id":1,"target_id":85,"ip":"CLI","details":{"assignment_id":25,"user_id":1,"role":"Ca viên Bè S","notes":"Ghi chú tập bè"}}
{"timestamp":"2026-09-26T10:13:13+02:00","action":"service_plan_update","actor_id":1,"target_id":85,"ip":"CLI","details":{"status":"published"}}
{"timestamp":"2026-09-26T10:13:13+02:00","action":"service_plan_publish","actor_id":1,"target_id":85,"ip":"CLI","details":{"status":"published"}}
{"timestamp":"2026-09-26T10:13:18+02:00","action":"practice_assignment_create_adhoc","actor_id":1,"target_id":7,"ip":"CLI","details":{"song_id":"thanh-ca-001","targets":1}}
{"timestamp":"2026-09-26T10:13:37+02:00","action":"service_plan_create","actor_id":1,"target_id":86,"ip":"CLI","details":{"title":"E2E Test Setlist BPM 90 - 1790410417","scheduled_date":"2026-09-26","status":"draft"}}
{"timestamp":"2026-09-26T10:13:43+02:00","action":"service_plan_delete","actor_id":null,"target_id":86,"ip":"CLI","details":[]}
{"timestamp":"2026-09-26T10:13:43+02:00","action":"service_plan_create","actor_id":1,"target_id":87,"ip":"CLI","details":{"title":"E2E Test Setlist 5 Songs - 1790410423","scheduled_date":"2026-09-26","status":"draft"}}
{"timestamp":"2026-09-26T10:14:09+02:00","action":"service_plan_delete","actor_id":null,"target_id":87,"ip":"CLI","details":[]}
{"timestamp":"2026-09-26T10:16:40+02:00","action":"practice_assignment_create_adhoc","actor_id":1,"target_id":8,"ip":"CLI","details":{"song_id":"thanh-ca-001","targets":1}}
{"timestamp":"2026-09-26T10:17:03+02:00","action":"practice_assignment_create_adhoc","actor_id":1,"target_id":9,"ip":"CLI","details":{"song_id":"thanh-ca-001","targets":1}}
{"timestamp":"2026-09-26T10:17:06+02:00","action":"practice_assignment_create_adhoc","actor_id":1,"target_id":10,"ip":"CLI","details":{"song_id":"thanh-ca-001","targets":1}}
{"timestamp":"2026-09-26T10:18:46+02:00","action":"practice_assignment_create_adhoc","actor_id":1,"target_id":11,"ip":"CLI","details":{"song_id":"thanh-ca-001","targets":1}}
{"timestamp":"2026-09-26T10:19:54+02:00","action":"practice_assignment_create_adhoc","actor_id":1,"target_id":12,"ip":"CLI","details":{"song_id":"thanh-ca-001","targets":1}}
{"timestamp":"2026-09-26T10:19:56+02:00","action":"practice_assignment_create_adhoc","actor_id":1,"target_id":13,"ip":"CLI","details":{"song_id":"thanh-ca-001","targets":1}}
{"timestamp":"2026-09-26T10:20:26+02:00","action":"user_profile_update","actor_id":7,"target_id":6,"ip":"::1","details":{"display_name":"Khách Xem","instrument":"Guitar","chord_code":"","role":"leader","voice_part":"T","password_changed":false}}
{"timestamp":"2026-09-26T10:20:27+02:00","action":"user_profile_update","actor_id":7,"target_id":6,"ip":"::1","details":{"display_name":"Khách Xem","instrument":"Guitar","chord_code":"","role":"viewer","voice_part":"T","password_changed":false}}
{"timestamp":"2026-09-26T10:20:41+02:00","action":"user_role_change","actor_id":7,"target_id":6,"ip":"::1","details":{"old_role":"viewer","new_role":"banhat"}}
{"timestamp":"2026-09-26T10:20:42+02:00","action":"user_role_change","actor_id":7,"target_id":6,"ip":"::1","details":{"old_role":"banhat","new_role":"viewer"}}
{"timestamp":"2026-09-26T10:20:52+02:00","action":"service_plan_create","actor_id":1,"target_id":88,"ip":"CLI","details":{"title":"Thánh Lễ Chúa Nhật E2E 853f3b","scheduled_date":"2026-09-29","status":"draft"}}
{"timestamp":"2026-09-26T10:20:52+02:00","action":"assignment_create","actor_id":1,"target_id":88,"ip":"CLI","details":{"assignment_id":26,"user_id":1,"role":"Ca viên Bè S","notes":"Ghi chú tập bè"}}
{"timestamp":"2026-09-26T10:20:52+02:00","action":"service_plan_update","actor_id":1,"target_id":88,"ip":"CLI","details":{"status":"published"}}
{"timestamp":"2026-09-26T10:20:52+02:00","action":"service_plan_publish","actor_id":1,"target_id":88,"ip":"CLI","details":{"status":"published"}}
{"timestamp":"2026-09-26T10:20:56+02:00","action":"service_plan_create","actor_id":1,"target_id":89,"ip":"::1","details":{"title":"E2E Setlist Offline Test 1790410856497","scheduled_date":"2026-10-15","status":"draft"}}
{"timestamp":"2026-09-26T10:20:56+02:00","action":"service_plan_update","actor_id":1,"target_id":89,"ip":"::1","details":{"status":"published"}}
{"timestamp":"2026-09-26T10:20:56+02:00","action":"service_plan_publish","actor_id":1,"target_id":89,"ip":"::1","details":{"status":"published"}}
{"timestamp":"2026-09-26T10:21:00+02:00","action":"service_plan_delete","actor_id":1,"target_id":89,"ip":"::1","details":[]}
{"timestamp":"2026-09-26T10:21:00+02:00","action":"practice_assignment_create_adhoc","actor_id":1,"target_id":14,"ip":"CLI","details":{"song_id":"thanh-ca-001","targets":1}}
{"timestamp":"2026-09-26T10:21:08+02:00","action":"service_plan_create","actor_id":1,"target_id":90,"ip":"CLI","details":{"title":"E2E Test Setlist BPM 90 - 1790410868","scheduled_date":"2026-09-26","status":"draft"}}
{"timestamp":"2026-09-26T10:21:10+02:00","action":"service_plan_delete","actor_id":null,"target_id":90,"ip":"CLI","details":[]}
{"timestamp":"2026-09-26T10:21:11+02:00","action":"service_plan_create","actor_id":1,"target_id":91,"ip":"CLI","details":{"title":"E2E Test Setlist 5 Songs - 1790410871","scheduled_date":"2026-09-26","status":"draft"}}
{"timestamp":"2026-09-26T10:21:16+02:00","action":"service_plan_delete","actor_id":null,"target_id":91,"ip":"CLI","details":[]}
{"timestamp":"2026-09-26T10:21:34+02:00","action":"user_profile_update","actor_id":7,"target_id":6,"ip":"::1","details":{"display_name":"Khách Xem","instrument":"Guitar","chord_code":"","role":"leader","voice_part":"T","password_changed":false}}
{"timestamp":"2026-09-26T10:21:37+02:00","action":"user_profile_update","actor_id":7,"target_id":6,"ip":"::1","details":{"display_name":"Khách Xem","instrument":"Guitar","chord_code":"","role":"viewer","voice_part":"T","password_changed":false}}
{"timestamp":"2026-09-26T10:21:54+02:00","action":"user_role_change","actor_id":7,"target_id":6,"ip":"::1","details":{"old_role":"viewer","new_role":"banhat"}}
{"timestamp":"2026-09-26T10:21:54+02:00","action":"user_role_change","actor_id":7,"target_id":6,"ip":"::1","details":{"old_role":"banhat","new_role":"viewer"}}
{"timestamp":"2026-09-26T10:22:26+02:00","action":"service_plan_create","actor_id":1,"target_id":92,"ip":"CLI","details":{"title":"Thánh Lễ Chúa Nhật E2E d75b85","scheduled_date":"2026-09-29","status":"draft"}}
{"timestamp":"2026-09-26T10:22:26+02:00","action":"assignment_create","actor_id":1,"target_id":92,"ip":"CLI","details":{"assignment_id":27,"user_id":1,"role":"Ca viên Bè S","notes":"Ghi chú tập bè"}}
{"timestamp":"2026-09-26T10:22:26+02:00","action":"service_plan_update","actor_id":1,"target_id":92,"ip":"CLI","details":{"status":"published"}}
{"timestamp":"2026-09-26T10:22:26+02:00","action":"service_plan_publish","actor_id":1,"target_id":92,"ip":"CLI","details":{"status":"published"}}
{"timestamp":"2026-09-26T10:22:30+02:00","action":"practice_assignment_create_adhoc","actor_id":1,"target_id":15,"ip":"CLI","details":{"song_id":"thanh-ca-001","targets":1}}
{"timestamp":"2026-09-26T10:22:47+02:00","action":"service_plan_create","actor_id":1,"target_id":93,"ip":"CLI","details":{"title":"E2E Test Setlist BPM 90 - 1790410967","scheduled_date":"2026-09-26","status":"draft"}}
{"timestamp":"2026-09-26T10:22:50+02:00","action":"service_plan_delete","actor_id":null,"target_id":93,"ip":"CLI","details":[]}
{"timestamp":"2026-09-26T10:22:50+02:00","action":"service_plan_create","actor_id":1,"target_id":94,"ip":"CLI","details":{"title":"E2E Test Setlist 5 Songs - 1790410970","scheduled_date":"2026-09-26","status":"draft"}}
{"timestamp":"2026-09-26T10:23:11+02:00","action":"service_plan_delete","actor_id":null,"target_id":94,"ip":"CLI","details":[]}
{"timestamp":"2026-09-26T10:25:23+02:00","action":"practice_assignment_create_adhoc","actor_id":1,"target_id":16,"ip":"CLI","details":{"song_id":"thanh-ca-001","targets":1}}
{"timestamp":"2026-09-26T10:25:26+02:00","action":"practice_assignment_create_adhoc","actor_id":1,"target_id":17,"ip":"CLI","details":{"song_id":"thanh-ca-001","targets":1}}
{"timestamp":"2026-09-26T10:25:47+02:00","action":"user_profile_update","actor_id":7,"target_id":6,"ip":"::1","details":{"display_name":"Khách Xem","instrument":"Guitar","chord_code":"","role":"leader","voice_part":"T","password_changed":false}}
{"timestamp":"2026-09-26T10:25:48+02:00","action":"user_profile_update","actor_id":7,"target_id":6,"ip":"::1","details":{"display_name":"Khách Xem","instrument":"Guitar","chord_code":"","role":"viewer","voice_part":"T","password_changed":false}}
{"timestamp":"2026-09-26T10:25:59+02:00","action":"user_role_change","actor_id":7,"target_id":6,"ip":"::1","details":{"old_role":"viewer","new_role":"banhat"}}
{"timestamp":"2026-09-26T10:26:00+02:00","action":"user_role_change","actor_id":7,"target_id":6,"ip":"::1","details":{"old_role":"banhat","new_role":"viewer"}}
{"timestamp":"2026-09-26T10:26:08+02:00","action":"service_plan_create","actor_id":1,"target_id":95,"ip":"CLI","details":{"title":"Thánh Lễ Chúa Nhật E2E 7510b8","scheduled_date":"2026-09-29","status":"draft"}}
{"timestamp":"2026-09-26T10:26:08+02:00","action":"assignment_create","actor_id":1,"target_id":95,"ip":"CLI","details":{"assignment_id":28,"user_id":1,"role":"Ca viên Bè S","notes":"Ghi chú tập bè"}}
{"timestamp":"2026-09-26T10:26:08+02:00","action":"service_plan_update","actor_id":1,"target_id":95,"ip":"CLI","details":{"status":"published"}}
{"timestamp":"2026-09-26T10:26:08+02:00","action":"service_plan_publish","actor_id":1,"target_id":95,"ip":"CLI","details":{"status":"published"}}
{"timestamp":"2026-09-26T10:26:13+02:00","action":"service_plan_create","actor_id":1,"target_id":96,"ip":"::1","details":{"title":"E2E Setlist Offline Test 1790411173163","scheduled_date":"2026-10-15","status":"draft"}}
{"timestamp":"2026-09-26T10:26:13+02:00","action":"service_plan_update","actor_id":1,"target_id":96,"ip":"::1","details":{"status":"published"}}
{"timestamp":"2026-09-26T10:26:13+02:00","action":"service_plan_publish","actor_id":1,"target_id":96,"ip":"::1","details":{"status":"published"}}
{"timestamp":"2026-09-26T10:26:17+02:00","action":"service_plan_delete","actor_id":1,"target_id":96,"ip":"::1","details":[]}
{"timestamp":"2026-09-26T10:26:17+02:00","action":"practice_assignment_create_adhoc","actor_id":1,"target_id":18,"ip":"CLI","details":{"song_id":"thanh-ca-001","targets":1}}
{"timestamp":"2026-09-26T10:26:25+02:00","action":"service_plan_create","actor_id":1,"target_id":97,"ip":"CLI","details":{"title":"E2E Test Setlist BPM 90 - 1790411185","scheduled_date":"2026-09-26","status":"draft"}}
{"timestamp":"2026-09-26T10:26:28+02:00","action":"service_plan_delete","actor_id":null,"target_id":97,"ip":"CLI","details":[]}
{"timestamp":"2026-09-26T10:26:28+02:00","action":"service_plan_create","actor_id":1,"target_id":98,"ip":"CLI","details":{"title":"E2E Test Setlist 5 Songs - 1790411188","scheduled_date":"2026-09-26","status":"draft"}}
{"timestamp":"2026-09-26T10:26:32+02:00","action":"service_plan_delete","actor_id":null,"target_id":98,"ip":"CLI","details":[]}
{"timestamp":"2026-09-26T10:26:51+02:00","action":"user_profile_update","actor_id":7,"target_id":6,"ip":"::1","details":{"display_name":"Khách Xem","instrument":"Guitar","chord_code":"","role":"leader","voice_part":"T","password_changed":false}}
{"timestamp":"2026-09-26T10:26:53+02:00","action":"user_profile_update","actor_id":7,"target_id":6,"ip":"::1","details":{"display_name":"Khách Xem","instrument":"Guitar","chord_code":"","role":"viewer","voice_part":"T","password_changed":false}}
{"timestamp":"2026-09-26T10:27:10+02:00","action":"user_role_change","actor_id":7,"target_id":6,"ip":"::1","details":{"old_role":"viewer","new_role":"banhat"}}
{"timestamp":"2026-09-26T10:27:10+02:00","action":"user_role_change","actor_id":7,"target_id":6,"ip":"::1","details":{"old_role":"banhat","new_role":"viewer"}}
{"timestamp":"2026-09-26T10:27:37+02:00","action":"service_plan_create","actor_id":1,"target_id":99,"ip":"CLI","details":{"title":"Thánh Lễ Chúa Nhật E2E 1ec6aa","scheduled_date":"2026-09-29","status":"draft"}}
{"timestamp":"2026-09-26T10:27:37+02:00","action":"assignment_create","actor_id":1,"target_id":99,"ip":"CLI","details":{"assignment_id":29,"user_id":1,"role":"Ca viên Bè S","notes":"Ghi chú tập bè"}}
{"timestamp":"2026-09-26T10:27:37+02:00","action":"service_plan_update","actor_id":1,"target_id":99,"ip":"CLI","details":{"status":"published"}}
{"timestamp":"2026-09-26T10:27:37+02:00","action":"service_plan_publish","actor_id":1,"target_id":99,"ip":"CLI","details":{"status":"published"}}
{"timestamp":"2026-09-26T10:27:43+02:00","action":"practice_assignment_create_adhoc","actor_id":1,"target_id":19,"ip":"CLI","details":{"song_id":"thanh-ca-001","targets":1}}
{"timestamp":"2026-09-26T10:28:00+02:00","action":"service_plan_create","actor_id":1,"target_id":100,"ip":"CLI","details":{"title":"E2E Test Setlist BPM 90 - 1790411280","scheduled_date":"2026-09-26","status":"draft"}}
{"timestamp":"2026-09-26T10:28:06+02:00","action":"service_plan_delete","actor_id":null,"target_id":100,"ip":"CLI","details":[]}
{"timestamp":"2026-09-26T10:28:06+02:00","action":"service_plan_create","actor_id":1,"target_id":101,"ip":"CLI","details":{"title":"E2E Test Setlist 5 Songs - 1790411286","scheduled_date":"2026-09-26","status":"draft"}}
{"timestamp":"2026-09-26T10:28:29+02:00","action":"service_plan_delete","actor_id":null,"target_id":101,"ip":"CLI","details":[]}
{"timestamp":"2026-09-26T10:28:56+02:00","action":"practice_assignment_create_adhoc","actor_id":1,"target_id":20,"ip":"CLI","details":{"song_id":"thanh-ca-001","targets":1}}
{"timestamp":"2026-09-26T10:28:58+02:00","action":"practice_assignment_create_adhoc","actor_id":1,"target_id":21,"ip":"CLI","details":{"song_id":"thanh-ca-001","targets":1}}
{"timestamp":"2026-09-26T10:29:10+02:00","action":"service_plan_create","actor_id":1,"target_id":102,"ip":"CLI","details":{"title":"Thánh Lễ Chúa Nhật E2E 3f1c9b","scheduled_date":"2026-09-29","status":"draft"}}
{"timestamp":"2026-09-26T10:29:10+02:00","action":"assignment_create","actor_id":1,"target_id":102,"ip":"CLI","details":{"assignment_id":30,"user_id":1,"role":"Ca viên Bè S","notes":"Ghi chú tập bè"}}
{"timestamp":"2026-09-26T10:29:10+02:00","action":"service_plan_update","actor_id":1,"target_id":102,"ip":"CLI","details":{"status":"published"}}
{"timestamp":"2026-09-26T10:29:10+02:00","action":"service_plan_publish","actor_id":1,"target_id":102,"ip":"CLI","details":{"status":"published"}}
{"timestamp":"2026-09-26T10:29:12+02:00","action":"practice_assignment_create_adhoc","actor_id":1,"target_id":22,"ip":"CLI","details":{"song_id":"thanh-ca-001","targets":1}}
{"timestamp":"2026-09-26T10:29:21+02:00","action":"service_plan_create","actor_id":1,"target_id":103,"ip":"CLI","details":{"title":"Thánh Lễ Chúa Nhật E2E 3a1620","scheduled_date":"2026-09-29","status":"draft"}}
{"timestamp":"2026-09-26T10:29:21+02:00","action":"assignment_create","actor_id":1,"target_id":103,"ip":"CLI","details":{"assignment_id":31,"user_id":1,"role":"Ca viên Bè S","notes":"Ghi chú tập bè"}}
{"timestamp":"2026-09-26T10:29:21+02:00","action":"service_plan_update","actor_id":1,"target_id":103,"ip":"CLI","details":{"status":"published"}}
{"timestamp":"2026-09-26T10:29:21+02:00","action":"service_plan_publish","actor_id":1,"target_id":103,"ip":"CLI","details":{"status":"published"}}
{"timestamp":"2026-09-26T10:29:26+02:00","action":"practice_assignment_create_adhoc","actor_id":1,"target_id":23,"ip":"CLI","details":{"song_id":"thanh-ca-001","targets":1}}
{"timestamp":"2026-09-26T10:30:33+02:00","action":"service_plan_create","actor_id":1,"target_id":104,"ip":"CLI","details":{"title":"Thánh Lễ Chúa Nhật E2E 9e6092","scheduled_date":"2026-09-29","status":"draft"}}
{"timestamp":"2026-09-26T10:30:33+02:00","action":"assignment_create","actor_id":1,"target_id":104,"ip":"CLI","details":{"assignment_id":32,"user_id":1,"role":"Ca viên Bè S","notes":"Ghi chú tập bè"}}
{"timestamp":"2026-09-26T10:30:33+02:00","action":"service_plan_update","actor_id":1,"target_id":104,"ip":"CLI","details":{"status":"published"}}
{"timestamp":"2026-09-26T10:30:33+02:00","action":"service_plan_publish","actor_id":1,"target_id":104,"ip":"CLI","details":{"status":"published"}}
{"timestamp":"2026-09-26T10:30:35+02:00","action":"practice_assignment_create_adhoc","actor_id":1,"target_id":24,"ip":"CLI","details":{"song_id":"thanh-ca-001","targets":1}}
{"timestamp":"2026-09-26T10:31:36+02:00","action":"service_plan_create","actor_id":1,"target_id":105,"ip":"CLI","details":{"title":"Thánh Lễ Chúa Nhật E2E e598e1","scheduled_date":"2026-09-29","status":"draft"}}
{"timestamp":"2026-09-26T10:31:36+02:00","action":"assignment_create","actor_id":1,"target_id":105,"ip":"CLI","details":{"assignment_id":33,"user_id":1,"role":"Ca viên Bè S","notes":"Ghi chú tập bè"}}
{"timestamp":"2026-09-26T10:31:36+02:00","action":"service_plan_update","actor_id":1,"target_id":105,"ip":"CLI","details":{"status":"published"}}
{"timestamp":"2026-09-26T10:31:36+02:00","action":"service_plan_publish","actor_id":1,"target_id":105,"ip":"CLI","details":{"status":"published"}}
{"timestamp":"2026-09-26T10:31:39+02:00","action":"practice_assignment_create_adhoc","actor_id":1,"target_id":25,"ip":"CLI","details":{"song_id":"thanh-ca-001","targets":1}}
{"timestamp":"2026-09-26T10:33:12+02:00","action":"service_plan_create","actor_id":1,"target_id":106,"ip":"CLI","details":{"title":"Thánh Lễ Chúa Nhật E2E 38d9aa","scheduled_date":"2026-09-29","status":"draft"}}
{"timestamp":"2026-09-26T10:33:12+02:00","action":"assignment_create","actor_id":1,"target_id":106,"ip":"CLI","details":{"assignment_id":34,"user_id":1,"role":"Ca viên Bè S","notes":"Ghi chú tập bè"}}
{"timestamp":"2026-09-26T10:33:12+02:00","action":"service_plan_update","actor_id":1,"target_id":106,"ip":"CLI","details":{"status":"published"}}
{"timestamp":"2026-09-26T10:33:12+02:00","action":"service_plan_publish","actor_id":1,"target_id":106,"ip":"CLI","details":{"status":"published"}}
{"timestamp":"2026-09-26T10:33:15+02:00","action":"practice_assignment_create_adhoc","actor_id":1,"target_id":26,"ip":"CLI","details":{"song_id":"thanh-ca-001","targets":1}}
{"timestamp":"2026-09-26T10:34:20+02:00","action":"service_plan_create","actor_id":1,"target_id":107,"ip":"CLI","details":{"title":"Thánh Lễ Chúa Nhật E2E 134f73","scheduled_date":"2026-09-29","status":"draft"}}
{"timestamp":"2026-09-26T10:34:20+02:00","action":"assignment_create","actor_id":1,"target_id":107,"ip":"CLI","details":{"assignment_id":35,"user_id":1,"role":"Ca viên Bè S","notes":"Ghi chú tập bè"}}
{"timestamp":"2026-09-26T10:34:20+02:00","action":"service_plan_update","actor_id":1,"target_id":107,"ip":"CLI","details":{"status":"published"}}
{"timestamp":"2026-09-26T10:34:20+02:00","action":"service_plan_publish","actor_id":1,"target_id":107,"ip":"CLI","details":{"status":"published"}}
{"timestamp":"2026-09-26T10:34:23+02:00","action":"practice_assignment_create_adhoc","actor_id":1,"target_id":27,"ip":"CLI","details":{"song_id":"thanh-ca-001","targets":1}}
{"timestamp":"2026-09-26T10:35:14+02:00","action":"service_plan_create","actor_id":1,"target_id":108,"ip":"CLI","details":{"title":"Thánh Lễ Chúa Nhật E2E 29f2ed","scheduled_date":"2026-09-29","status":"draft"}}
{"timestamp":"2026-09-26T10:35:14+02:00","action":"assignment_create","actor_id":1,"target_id":108,"ip":"CLI","details":{"assignment_id":36,"user_id":1,"role":"Ca viên Bè S","notes":"Ghi chú tập bè"}}
{"timestamp":"2026-09-26T10:35:14+02:00","action":"service_plan_update","actor_id":1,"target_id":108,"ip":"CLI","details":{"status":"published"}}
{"timestamp":"2026-09-26T10:35:14+02:00","action":"service_plan_publish","actor_id":1,"target_id":108,"ip":"CLI","details":{"status":"published"}}
{"timestamp":"2026-09-26T10:35:16+02:00","action":"practice_assignment_create_adhoc","actor_id":1,"target_id":28,"ip":"CLI","details":{"song_id":"thanh-ca-001","targets":1}}
{"timestamp":"2026-09-26T10:36:04+02:00","action":"user_profile_update","actor_id":7,"target_id":6,"ip":"::1","details":{"display_name":"Khách Xem","instrument":"Guitar","chord_code":"","role":"leader","voice_part":"T","password_changed":false}}
{"timestamp":"2026-09-26T10:36:05+02:00","action":"user_profile_update","actor_id":7,"target_id":6,"ip":"::1","details":{"display_name":"Khách Xem","instrument":"Guitar","chord_code":"","role":"viewer","voice_part":"T","password_changed":false}}
{"timestamp":"2026-09-26T10:36:20+02:00","action":"user_role_change","actor_id":7,"target_id":6,"ip":"::1","details":{"old_role":"viewer","new_role":"banhat"}}
{"timestamp":"2026-09-26T10:36:21+02:00","action":"user_role_change","actor_id":7,"target_id":6,"ip":"::1","details":{"old_role":"banhat","new_role":"viewer"}}
{"timestamp":"2026-09-26T10:36:40+02:00","action":"service_plan_create","actor_id":1,"target_id":109,"ip":"CLI","details":{"title":"Thánh Lễ Chúa Nhật E2E 555749","scheduled_date":"2026-09-29","status":"draft"}}
{"timestamp":"2026-09-26T10:36:40+02:00","action":"assignment_create","actor_id":1,"target_id":109,"ip":"CLI","details":{"assignment_id":37,"user_id":1,"role":"Ca viên Bè S","notes":"Ghi chú tập bè"}}
{"timestamp":"2026-09-26T10:36:40+02:00","action":"service_plan_update","actor_id":1,"target_id":109,"ip":"CLI","details":{"status":"published"}}
{"timestamp":"2026-09-26T10:36:40+02:00","action":"service_plan_publish","actor_id":1,"target_id":109,"ip":"CLI","details":{"status":"published"}}
{"timestamp":"2026-09-26T10:36:44+02:00","action":"service_plan_create","actor_id":1,"target_id":110,"ip":"::1","details":{"title":"E2E Setlist Offline Test 1790411804648","scheduled_date":"2026-10-15","status":"draft"}}
{"timestamp":"2026-09-26T10:36:44+02:00","action":"service_plan_update","actor_id":1,"target_id":110,"ip":"::1","details":{"status":"published"}}
{"timestamp":"2026-09-26T10:36:44+02:00","action":"service_plan_publish","actor_id":1,"target_id":110,"ip":"::1","details":{"status":"published"}}
{"timestamp":"2026-09-26T10:36:49+02:00","action":"service_plan_delete","actor_id":1,"target_id":110,"ip":"::1","details":[]}
{"timestamp":"2026-09-26T10:36:50+02:00","action":"practice_assignment_create_adhoc","actor_id":1,"target_id":29,"ip":"CLI","details":{"song_id":"thanh-ca-001","targets":1}}
{"timestamp":"2026-09-26T10:36:59+02:00","action":"service_plan_create","actor_id":1,"target_id":111,"ip":"CLI","details":{"title":"E2E Test Setlist BPM 90 - 1790411819","scheduled_date":"2026-09-26","status":"draft"}}
{"timestamp":"2026-09-26T10:37:01+02:00","action":"service_plan_delete","actor_id":null,"target_id":111,"ip":"CLI","details":[]}
{"timestamp":"2026-09-26T10:37:01+02:00","action":"service_plan_create","actor_id":1,"target_id":112,"ip":"CLI","details":{"title":"E2E Test Setlist 5 Songs - 1790411821","scheduled_date":"2026-09-26","status":"draft"}}
{"timestamp":"2026-09-26T10:37:06+02:00","action":"service_plan_delete","actor_id":null,"target_id":112,"ip":"CLI","details":[]}
{"timestamp":"2026-09-26T10:37:23+02:00","action":"user_profile_update","actor_id":7,"target_id":6,"ip":"::1","details":{"display_name":"Khách Xem","instrument":"Guitar","chord_code":"","role":"leader","voice_part":"T","password_changed":false}}
{"timestamp":"2026-09-26T10:37:25+02:00","action":"user_profile_update","actor_id":7,"target_id":6,"ip":"::1","details":{"display_name":"Khách Xem","instrument":"Guitar","chord_code":"","role":"viewer","voice_part":"T","password_changed":false}}
{"timestamp":"2026-09-26T10:37:44+02:00","action":"user_role_change","actor_id":7,"target_id":6,"ip":"::1","details":{"old_role":"viewer","new_role":"banhat"}}
{"timestamp":"2026-09-26T10:37:46+02:00","action":"user_role_change","actor_id":7,"target_id":6,"ip":"::1","details":{"old_role":"banhat","new_role":"viewer"}}
{"timestamp":"2026-09-26T10:38:15+02:00","action":"service_plan_create","actor_id":1,"target_id":113,"ip":"CLI","details":{"title":"Thánh Lễ Chúa Nhật E2E 7eea4d","scheduled_date":"2026-09-29","status":"draft"}}
{"timestamp":"2026-09-26T10:38:15+02:00","action":"assignment_create","actor_id":1,"target_id":113,"ip":"CLI","details":{"assignment_id":38,"user_id":1,"role":"Ca viên Bè S","notes":"Ghi chú tập bè"}}
{"timestamp":"2026-09-26T10:38:15+02:00","action":"service_plan_update","actor_id":1,"target_id":113,"ip":"CLI","details":{"status":"published"}}
{"timestamp":"2026-09-26T10:38:15+02:00","action":"service_plan_publish","actor_id":1,"target_id":113,"ip":"CLI","details":{"status":"published"}}
{"timestamp":"2026-09-26T10:38:20+02:00","action":"practice_assignment_create_adhoc","actor_id":1,"target_id":30,"ip":"CLI","details":{"song_id":"thanh-ca-001","targets":1}}
{"timestamp":"2026-09-26T10:38:30+02:00","action":"service_plan_create","actor_id":1,"target_id":114,"ip":"CLI","details":{"title":"E2E Test Setlist BPM 90 - 1790411910","scheduled_date":"2026-09-26","status":"draft"}}
{"timestamp":"2026-09-26T10:38:35+02:00","action":"service_plan_delete","actor_id":null,"target_id":114,"ip":"CLI","details":[]}
{"timestamp":"2026-09-26T10:38:36+02:00","action":"service_plan_create","actor_id":1,"target_id":115,"ip":"CLI","details":{"title":"E2E Test Setlist 5 Songs - 1790411916","scheduled_date":"2026-09-26","status":"draft"}}
{"timestamp":"2026-09-26T10:38:58+02:00","action":"service_plan_delete","actor_id":null,"target_id":115,"ip":"CLI","details":[]}
{"timestamp":"2026-09-26T10:40:19+02:00","action":"user_profile_update","actor_id":7,"target_id":6,"ip":"::1","details":{"display_name":"Khách Xem","instrument":"Guitar","chord_code":"","role":"leader","voice_part":"T","password_changed":false}}
{"timestamp":"2026-09-26T10:40:21+02:00","action":"user_profile_update","actor_id":7,"target_id":6,"ip":"::1","details":{"display_name":"Khách Xem","instrument":"Guitar","chord_code":"","role":"viewer","voice_part":"T","password_changed":false}}
{"timestamp":"2026-09-26T10:40:36+02:00","action":"user_role_change","actor_id":7,"target_id":6,"ip":"::1","details":{"old_role":"viewer","new_role":"banhat"}}
{"timestamp":"2026-09-26T10:40:37+02:00","action":"user_role_change","actor_id":7,"target_id":6,"ip":"::1","details":{"old_role":"banhat","new_role":"viewer"}}
{"timestamp":"2026-09-26T10:40:47+02:00","action":"service_plan_create","actor_id":1,"target_id":116,"ip":"CLI","details":{"title":"Thánh Lễ Chúa Nhật E2E 9ca78a","scheduled_date":"2026-09-29","status":"draft"}}
{"timestamp":"2026-09-26T10:40:47+02:00","action":"assignment_create","actor_id":1,"target_id":116,"ip":"CLI","details":{"assignment_id":39,"user_id":1,"role":"Ca viên Bè S","notes":"Ghi chú tập bè"}}
{"timestamp":"2026-09-26T10:40:47+02:00","action":"service_plan_update","actor_id":1,"target_id":116,"ip":"CLI","details":{"status":"published"}}
{"timestamp":"2026-09-26T10:40:47+02:00","action":"service_plan_publish","actor_id":1,"target_id":116,"ip":"CLI","details":{"status":"published"}}
{"timestamp":"2026-09-26T10:40:52+02:00","action":"service_plan_create","actor_id":1,"target_id":117,"ip":"::1","details":{"title":"E2E Setlist Offline Test 1790412052235","scheduled_date":"2026-10-15","status":"draft"}}
{"timestamp":"2026-09-26T10:40:52+02:00","action":"service_plan_update","actor_id":1,"target_id":117,"ip":"::1","details":{"status":"published"}}
{"timestamp":"2026-09-26T10:40:52+02:00","action":"service_plan_publish","actor_id":1,"target_id":117,"ip":"::1","details":{"status":"published"}}
{"timestamp":"2026-09-26T10:40:56+02:00","action":"service_plan_delete","actor_id":1,"target_id":117,"ip":"::1","details":[]}
{"timestamp":"2026-09-26T10:40:57+02:00","action":"practice_assignment_create_adhoc","actor_id":1,"target_id":31,"ip":"CLI","details":{"song_id":"thanh-ca-001","targets":1}}
{"timestamp":"2026-09-26T10:41:02+02:00","action":"service_plan_create","actor_id":1,"target_id":118,"ip":"CLI","details":{"title":"E2E Test Setlist BPM 90 - 1790412062","scheduled_date":"2026-09-26","status":"draft"}}
{"timestamp":"2026-09-26T10:41:04+02:00","action":"service_plan_delete","actor_id":null,"target_id":118,"ip":"CLI","details":[]}
{"timestamp":"2026-09-26T10:41:04+02:00","action":"service_plan_create","actor_id":1,"target_id":119,"ip":"CLI","details":{"title":"E2E Test Setlist 5 Songs - 1790412064","scheduled_date":"2026-09-26","status":"draft"}}
{"timestamp":"2026-09-26T10:41:09+02:00","action":"service_plan_delete","actor_id":null,"target_id":119,"ip":"CLI","details":[]}
{"timestamp":"2026-09-26T10:41:28+02:00","action":"user_profile_update","actor_id":7,"target_id":6,"ip":"::1","details":{"display_name":"Khách Xem","instrument":"Guitar","chord_code":"","role":"leader","voice_part":"T","password_changed":false}}
{"timestamp":"2026-09-26T10:41:32+02:00","action":"user_profile_update","actor_id":7,"target_id":6,"ip":"::1","details":{"display_name":"Khách Xem","instrument":"Guitar","chord_code":"","role":"viewer","voice_part":"T","password_changed":false}}
{"timestamp":"2026-09-26T10:41:49+02:00","action":"user_role_change","actor_id":7,"target_id":6,"ip":"::1","details":{"old_role":"viewer","new_role":"banhat"}}
{"timestamp":"2026-09-26T10:41:50+02:00","action":"user_role_change","actor_id":7,"target_id":6,"ip":"::1","details":{"old_role":"banhat","new_role":"viewer"}}
{"timestamp":"2026-09-26T10:42:08+02:00","action":"service_plan_create","actor_id":1,"target_id":120,"ip":"CLI","details":{"title":"Thánh Lễ Chúa Nhật E2E c17ec2","scheduled_date":"2026-09-29","status":"draft"}}
{"timestamp":"2026-09-26T10:42:08+02:00","action":"assignment_create","actor_id":1,"target_id":120,"ip":"CLI","details":{"assignment_id":40,"user_id":1,"role":"Ca viên Bè S","notes":"Ghi chú tập bè"}}
{"timestamp":"2026-09-26T10:42:08+02:00","action":"service_plan_update","actor_id":1,"target_id":120,"ip":"CLI","details":{"status":"published"}}
{"timestamp":"2026-09-26T10:42:08+02:00","action":"service_plan_publish","actor_id":1,"target_id":120,"ip":"CLI","details":{"status":"published"}}
{"timestamp":"2026-09-26T10:42:14+02:00","action":"practice_assignment_create_adhoc","actor_id":1,"target_id":32,"ip":"CLI","details":{"song_id":"thanh-ca-001","targets":1}}
{"timestamp":"2026-09-26T10:42:31+02:00","action":"service_plan_create","actor_id":1,"target_id":121,"ip":"CLI","details":{"title":"E2E Test Setlist BPM 90 - 1790412151","scheduled_date":"2026-09-26","status":"draft"}}
{"timestamp":"2026-09-26T10:42:34+02:00","action":"service_plan_delete","actor_id":null,"target_id":121,"ip":"CLI","details":[]}
{"timestamp":"2026-09-26T10:42:35+02:00","action":"service_plan_create","actor_id":1,"target_id":122,"ip":"CLI","details":{"title":"E2E Test Setlist 5 Songs - 1790412155","scheduled_date":"2026-09-26","status":"draft"}}
{"timestamp":"2026-09-26T10:43:02+02:00","action":"service_plan_delete","actor_id":null,"target_id":122,"ip":"CLI","details":[]}
{"timestamp":"2026-09-26T10:43:57+02:00","action":"service_plan_create","actor_id":2,"target_id":1,"ip":"CLI","details":{"title":"Chúa Nhật Phục Sinh","scheduled_date":"2026-04-12","status":"draft"}}
{"timestamp":"2026-09-26T10:44:40+02:00","action":"service_plan_create","actor_id":10,"target_id":1,"ip":"CLI","details":{"title":"Thánh Lễ Chúa Nhật Phụng Vụ","scheduled_date":"2026-10-01","status":"draft"}}
{"timestamp":"2026-09-26T10:44:40+02:00","action":"assignment_create","actor_id":10,"target_id":1,"ip":"CLI","details":{"assignment_id":1,"user_id":11,"role":"Ca viên Bè S","notes":null}}
{"timestamp":"2026-09-26T10:44:40+02:00","action":"assignment_create","actor_id":10,"target_id":1,"ip":"CLI","details":{"assignment_id":2,"user_id":12,"role":"Ca viên Bè A","notes":null}}
{"timestamp":"2026-09-26T10:44:40+02:00","action":"practice_assignment_create_from_plan","actor_id":10,"target_id":1,"ip":"CLI","details":{"assignments_count":2}}
{"timestamp":"2026-09-26T10:44:40+02:00","action":"practice_assignment_create_from_plan","actor_id":10,"target_id":1,"ip":"CLI","details":{"assignments_count":2}}
{"timestamp":"2026-09-26T10:44:40+02:00","action":"practice_assignment_create_adhoc","actor_id":10,"target_id":3,"ip":"CLI","details":{"song_id":"003-ngoi-gie-ho-va","targets":1}}
{"timestamp":"2026-09-26T10:44:40+02:00","action":"practice_assignment_create_adhoc","actor_id":10,"target_id":4,"ip":"CLI","details":{"song_id":"004-ha-le-lu-gia","targets":1}}
{"timestamp":"2026-09-26T10:44:41+02:00","action":"review_submit","actor_id":3,"target_id":1,"ip":"CLI","details":{"target_type":"chord_set","target_id":101,"song_id":"test-song-rev","review_type":"recommend"}}
{"timestamp":"2026-09-26T10:44:41+02:00","action":"review_submit","actor_id":3,"target_id":2,"ip":"CLI","details":{"target_type":"chord_set","target_id":101,"song_id":"test-song-rev","review_type":"update_hd"}}
{"timestamp":"2026-09-26T10:44:41+02:00","action":"review_submit","actor_id":3,"target_id":3,"ip":"CLI","details":{"target_type":"chord_set","target_id":101,"song_id":"test-song-rev","review_type":"recommend"}}
{"timestamp":"2026-09-26T10:44:41+02:00","action":"review_approve","actor_id":4,"target_id":3,"ip":"CLI","details":{"review_type":"recommend","target_type":"chord_set","target_id":101,"song_id":"test-song-rev"}}
{"timestamp":"2026-09-26T10:44:41+02:00","action":"review_submit","actor_id":3,"target_id":4,"ip":"CLI","details":{"target_type":"chord_set","target_id":102,"song_id":"test-song-rev","review_type":"update_hd"}}
{"timestamp":"2026-09-26T10:44:41+02:00","action":"review_approve","actor_id":1,"target_id":4,"ip":"CLI","details":{"review_type":"update_hd","target_type":"chord_set","target_id":102,"song_id":"test-song-rev"}}
{"timestamp":"2026-09-26T10:44:41+02:00","action":"review_rollback_hd","actor_id":1,"target_id":1,"ip":"CLI","details":{"song_id":"test-song-rev","source_history_id":1}}
{"timestamp":"2026-09-26T10:44:41+02:00","action":"review_submit","actor_id":3,"target_id":5,"ip":"CLI","details":{"target_type":"chord_set","target_id":101,"song_id":"test-song-rev","review_type":"recommend"}}
{"timestamp":"2026-09-26T10:44:41+02:00","action":"review_reject","actor_id":4,"target_id":5,"ip":"CLI","details":{"reason":"Hợp âm ô nhịp 2 bị chói giọng với bè Nữ, vui lòng chỉnh lại","submitted_by":3}}
{"timestamp":"2026-09-26T10:44:41+02:00","action":"review_submit","actor_id":3,"target_id":6,"ip":"CLI","details":{"target_type":"chord_set","target_id":101,"song_id":"test-song-rev","review_type":"recommend"}}
{"timestamp":"2026-09-26T10:44:41+02:00","action":"review_withdraw","actor_id":3,"target_id":6,"ip":"CLI","details":[]}
{"timestamp":"2026-09-26T10:44:41+02:00","action":"user_create","actor_id":1,"target_id":60,"ip":"CLI","details":{"username":"test_leader_user","role":"leader","chord_code":"LEAD","instrument":"Chỉ huy \/ Piano","voice_part":"T"}}
{"timestamp":"2026-09-26T10:44:41+02:00","action":"user_profile_update","actor_id":1,"target_id":60,"ip":"CLI","details":{"display_name":"Ca Trưởng Đổi Bè","instrument":"Organ","chord_code":"LEAD","role":"leader","voice_part":"S","password_changed":false}}
{"timestamp":"2026-09-26T10:44:47+02:00","action":"service_plan_create","actor_id":1,"target_id":1,"ip":"CLI","details":{"title":"Thánh Lễ Chúa Nhật","scheduled_date":"2026-10-04","status":"draft"}}
{"timestamp":"2026-09-26T10:51:51+02:00","action":"service_plan_create","actor_id":2,"target_id":1,"ip":"CLI","details":{"title":"Chúa Nhật Phục Sinh","scheduled_date":"2026-04-12","status":"draft"}}
{"timestamp":"2026-09-26T10:52:23+02:00","action":"service_plan_create","actor_id":10,"target_id":1,"ip":"CLI","details":{"title":"Thánh Lễ Chúa Nhật Phụng Vụ","scheduled_date":"2026-10-01","status":"draft"}}
{"timestamp":"2026-09-26T10:52:23+02:00","action":"assignment_create","actor_id":10,"target_id":1,"ip":"CLI","details":{"assignment_id":1,"user_id":11,"role":"Ca viên Bè S","notes":null}}
{"timestamp":"2026-09-26T10:52:23+02:00","action":"assignment_create","actor_id":10,"target_id":1,"ip":"CLI","details":{"assignment_id":2,"user_id":12,"role":"Ca viên Bè A","notes":null}}
{"timestamp":"2026-09-26T10:52:23+02:00","action":"practice_assignment_create_from_plan","actor_id":10,"target_id":1,"ip":"CLI","details":{"assignments_count":2}}
{"timestamp":"2026-09-26T10:52:23+02:00","action":"practice_assignment_create_from_plan","actor_id":10,"target_id":1,"ip":"CLI","details":{"assignments_count":2}}
{"timestamp":"2026-09-26T10:52:23+02:00","action":"practice_assignment_create_adhoc","actor_id":10,"target_id":3,"ip":"CLI","details":{"song_id":"003-ngoi-gie-ho-va","targets":1}}
{"timestamp":"2026-09-26T10:52:23+02:00","action":"practice_assignment_create_adhoc","actor_id":10,"target_id":4,"ip":"CLI","details":{"song_id":"004-ha-le-lu-gia","targets":1}}
{"timestamp":"2026-09-26T10:52:24+02:00","action":"review_submit","actor_id":3,"target_id":1,"ip":"CLI","details":{"target_type":"chord_set","target_id":101,"song_id":"test-song-rev","review_type":"recommend"}}
{"timestamp":"2026-09-26T10:52:24+02:00","action":"review_submit","actor_id":3,"target_id":2,"ip":"CLI","details":{"target_type":"chord_set","target_id":101,"song_id":"test-song-rev","review_type":"update_hd"}}
{"timestamp":"2026-09-26T10:52:24+02:00","action":"review_submit","actor_id":3,"target_id":3,"ip":"CLI","details":{"target_type":"chord_set","target_id":101,"song_id":"test-song-rev","review_type":"recommend"}}
{"timestamp":"2026-09-26T10:52:24+02:00","action":"review_approve","actor_id":4,"target_id":3,"ip":"CLI","details":{"review_type":"recommend","target_type":"chord_set","target_id":101,"song_id":"test-song-rev"}}
{"timestamp":"2026-09-26T10:52:24+02:00","action":"review_submit","actor_id":3,"target_id":4,"ip":"CLI","details":{"target_type":"chord_set","target_id":102,"song_id":"test-song-rev","review_type":"update_hd"}}
{"timestamp":"2026-09-26T10:52:24+02:00","action":"review_approve","actor_id":1,"target_id":4,"ip":"CLI","details":{"review_type":"update_hd","target_type":"chord_set","target_id":102,"song_id":"test-song-rev"}}
{"timestamp":"2026-09-26T10:52:24+02:00","action":"review_rollback_hd","actor_id":1,"target_id":1,"ip":"CLI","details":{"song_id":"test-song-rev","source_history_id":1}}
{"timestamp":"2026-09-26T10:52:24+02:00","action":"review_submit","actor_id":3,"target_id":5,"ip":"CLI","details":{"target_type":"chord_set","target_id":101,"song_id":"test-song-rev","review_type":"recommend"}}
{"timestamp":"2026-09-26T10:52:24+02:00","action":"review_reject","actor_id":4,"target_id":5,"ip":"CLI","details":{"reason":"Hợp âm ô nhịp 2 bị chói giọng với bè Nữ, vui lòng chỉnh lại","submitted_by":3}}
{"timestamp":"2026-09-26T10:52:24+02:00","action":"review_submit","actor_id":3,"target_id":6,"ip":"CLI","details":{"target_type":"chord_set","target_id":101,"song_id":"test-song-rev","review_type":"recommend"}}
{"timestamp":"2026-09-26T10:52:24+02:00","action":"review_withdraw","actor_id":3,"target_id":6,"ip":"CLI","details":[]}
{"timestamp":"2026-09-26T10:52:24+02:00","action":"user_create","actor_id":1,"target_id":64,"ip":"CLI","details":{"username":"test_leader_user","role":"leader","chord_code":"LEAD","instrument":"Chỉ huy \/ Piano","voice_part":"T"}}
{"timestamp":"2026-09-26T10:52:24+02:00","action":"user_profile_update","actor_id":1,"target_id":64,"ip":"CLI","details":{"display_name":"Ca Trưởng Đổi Bè","instrument":"Organ","chord_code":"LEAD","role":"leader","voice_part":"S","password_changed":false}}
{"timestamp":"2026-09-26T10:52:27+02:00","action":"service_plan_create","actor_id":1,"target_id":1,"ip":"CLI","details":{"title":"Thánh Lễ Chúa Nhật","scheduled_date":"2026-10-04","status":"draft"}}
{"timestamp":"2026-09-26T10:56:02+02:00","action":"service_plan_create","actor_id":2,"target_id":1,"ip":"CLI","details":{"title":"Chúa Nhật Phục Sinh","scheduled_date":"2026-04-12","status":"draft"}}
{"timestamp":"2026-09-26T10:56:25+02:00","action":"service_plan_create","actor_id":10,"target_id":1,"ip":"CLI","details":{"title":"Thánh Lễ Chúa Nhật Phụng Vụ","scheduled_date":"2026-10-01","status":"draft"}}
{"timestamp":"2026-09-26T10:56:25+02:00","action":"assignment_create","actor_id":10,"target_id":1,"ip":"CLI","details":{"assignment_id":1,"user_id":11,"role":"Ca viên Bè S","notes":null}}
{"timestamp":"2026-09-26T10:56:25+02:00","action":"assignment_create","actor_id":10,"target_id":1,"ip":"CLI","details":{"assignment_id":2,"user_id":12,"role":"Ca viên Bè A","notes":null}}
{"timestamp":"2026-09-26T10:56:25+02:00","action":"practice_assignment_create_from_plan","actor_id":10,"target_id":1,"ip":"CLI","details":{"assignments_count":2}}
{"timestamp":"2026-09-26T10:56:25+02:00","action":"practice_assignment_create_from_plan","actor_id":10,"target_id":1,"ip":"CLI","details":{"assignments_count":2}}
{"timestamp":"2026-09-26T10:56:25+02:00","action":"practice_assignment_create_adhoc","actor_id":10,"target_id":3,"ip":"CLI","details":{"song_id":"003-ngoi-gie-ho-va","targets":1}}
{"timestamp":"2026-09-26T10:56:25+02:00","action":"practice_assignment_create_adhoc","actor_id":10,"target_id":4,"ip":"CLI","details":{"song_id":"004-ha-le-lu-gia","targets":1}}
{"timestamp":"2026-09-26T10:56:26+02:00","action":"review_submit","actor_id":3,"target_id":1,"ip":"CLI","details":{"target_type":"chord_set","target_id":101,"song_id":"test-song-rev","review_type":"recommend"}}
{"timestamp":"2026-09-26T10:56:26+02:00","action":"review_submit","actor_id":3,"target_id":2,"ip":"CLI","details":{"target_type":"chord_set","target_id":101,"song_id":"test-song-rev","review_type":"update_hd"}}
{"timestamp":"2026-09-26T10:56:26+02:00","action":"review_submit","actor_id":3,"target_id":3,"ip":"CLI","details":{"target_type":"chord_set","target_id":101,"song_id":"test-song-rev","review_type":"recommend"}}
{"timestamp":"2026-09-26T10:56:26+02:00","action":"review_approve","actor_id":4,"target_id":3,"ip":"CLI","details":{"review_type":"recommend","target_type":"chord_set","target_id":101,"song_id":"test-song-rev"}}
{"timestamp":"2026-09-26T10:56:26+02:00","action":"review_submit","actor_id":3,"target_id":4,"ip":"CLI","details":{"target_type":"chord_set","target_id":102,"song_id":"test-song-rev","review_type":"update_hd"}}
{"timestamp":"2026-09-26T10:56:26+02:00","action":"review_approve","actor_id":1,"target_id":4,"ip":"CLI","details":{"review_type":"update_hd","target_type":"chord_set","target_id":102,"song_id":"test-song-rev"}}
{"timestamp":"2026-09-26T10:56:26+02:00","action":"review_rollback_hd","actor_id":1,"target_id":1,"ip":"CLI","details":{"song_id":"test-song-rev","source_history_id":1}}
{"timestamp":"2026-09-26T10:56:26+02:00","action":"review_submit","actor_id":3,"target_id":5,"ip":"CLI","details":{"target_type":"chord_set","target_id":101,"song_id":"test-song-rev","review_type":"recommend"}}
{"timestamp":"2026-09-26T10:56:26+02:00","action":"review_reject","actor_id":4,"target_id":5,"ip":"CLI","details":{"reason":"Hợp âm ô nhịp 2 bị chói giọng với bè Nữ, vui lòng chỉnh lại","submitted_by":3}}
{"timestamp":"2026-09-26T10:56:26+02:00","action":"review_submit","actor_id":3,"target_id":6,"ip":"CLI","details":{"target_type":"chord_set","target_id":101,"song_id":"test-song-rev","review_type":"recommend"}}
{"timestamp":"2026-09-26T10:56:26+02:00","action":"review_withdraw","actor_id":3,"target_id":6,"ip":"CLI","details":[]}
{"timestamp":"2026-09-26T10:56:26+02:00","action":"user_create","actor_id":1,"target_id":68,"ip":"CLI","details":{"username":"test_leader_user","role":"leader","chord_code":"LEAD","instrument":"Chỉ huy \/ Piano","voice_part":"T"}}
{"timestamp":"2026-09-26T10:56:26+02:00","action":"user_profile_update","actor_id":1,"target_id":68,"ip":"CLI","details":{"display_name":"Ca Trưởng Đổi Bè","instrument":"Organ","chord_code":"LEAD","role":"leader","voice_part":"S","password_changed":false}}
{"timestamp":"2026-09-26T10:56:29+02:00","action":"service_plan_create","actor_id":1,"target_id":1,"ip":"CLI","details":{"title":"Thánh Lễ Chúa Nhật","scheduled_date":"2026-10-04","status":"draft"}}
{"timestamp":"2026-09-26T11:02:32+02:00","action":"service_plan_create","actor_id":2,"target_id":1,"ip":"CLI","details":{"title":"Chúa Nhật Phục Sinh","scheduled_date":"2026-04-12","status":"draft"}}
{"timestamp":"2026-09-26T11:02:54+02:00","action":"service_plan_create","actor_id":10,"target_id":1,"ip":"CLI","details":{"title":"Thánh Lễ Chúa Nhật Phụng Vụ","scheduled_date":"2026-10-01","status":"draft"}}
{"timestamp":"2026-09-26T11:02:54+02:00","action":"assignment_create","actor_id":10,"target_id":1,"ip":"CLI","details":{"assignment_id":1,"user_id":11,"role":"Ca viên Bè S","notes":null}}
{"timestamp":"2026-09-26T11:02:54+02:00","action":"assignment_create","actor_id":10,"target_id":1,"ip":"CLI","details":{"assignment_id":2,"user_id":12,"role":"Ca viên Bè A","notes":null}}
{"timestamp":"2026-09-26T11:02:54+02:00","action":"practice_assignment_create_from_plan","actor_id":10,"target_id":1,"ip":"CLI","details":{"assignments_count":2}}
{"timestamp":"2026-09-26T11:02:54+02:00","action":"practice_assignment_create_from_plan","actor_id":10,"target_id":1,"ip":"CLI","details":{"assignments_count":2}}
{"timestamp":"2026-09-26T11:02:54+02:00","action":"practice_assignment_create_adhoc","actor_id":10,"target_id":3,"ip":"CLI","details":{"song_id":"003-ngoi-gie-ho-va","targets":1}}
{"timestamp":"2026-09-26T11:02:54+02:00","action":"practice_assignment_create_adhoc","actor_id":10,"target_id":4,"ip":"CLI","details":{"song_id":"004-ha-le-lu-gia","targets":1}}
{"timestamp":"2026-09-26T11:02:55+02:00","action":"review_submit","actor_id":3,"target_id":1,"ip":"CLI","details":{"target_type":"chord_set","target_id":101,"song_id":"test-song-rev","review_type":"recommend"}}
{"timestamp":"2026-09-26T11:02:55+02:00","action":"review_submit","actor_id":3,"target_id":2,"ip":"CLI","details":{"target_type":"chord_set","target_id":101,"song_id":"test-song-rev","review_type":"update_hd"}}
{"timestamp":"2026-09-26T11:02:55+02:00","action":"review_submit","actor_id":3,"target_id":3,"ip":"CLI","details":{"target_type":"chord_set","target_id":101,"song_id":"test-song-rev","review_type":"recommend"}}
{"timestamp":"2026-09-26T11:02:55+02:00","action":"review_approve","actor_id":4,"target_id":3,"ip":"CLI","details":{"review_type":"recommend","target_type":"chord_set","target_id":101,"song_id":"test-song-rev"}}
{"timestamp":"2026-09-26T11:02:55+02:00","action":"review_submit","actor_id":3,"target_id":4,"ip":"CLI","details":{"target_type":"chord_set","target_id":102,"song_id":"test-song-rev","review_type":"update_hd"}}
{"timestamp":"2026-09-26T11:02:55+02:00","action":"review_approve","actor_id":1,"target_id":4,"ip":"CLI","details":{"review_type":"update_hd","target_type":"chord_set","target_id":102,"song_id":"test-song-rev"}}
{"timestamp":"2026-09-26T11:02:55+02:00","action":"review_rollback_hd","actor_id":1,"target_id":1,"ip":"CLI","details":{"song_id":"test-song-rev","source_history_id":1}}
{"timestamp":"2026-09-26T11:02:55+02:00","action":"review_submit","actor_id":3,"target_id":5,"ip":"CLI","details":{"target_type":"chord_set","target_id":101,"song_id":"test-song-rev","review_type":"recommend"}}
{"timestamp":"2026-09-26T11:02:55+02:00","action":"review_reject","actor_id":4,"target_id":5,"ip":"CLI","details":{"reason":"Hợp âm ô nhịp 2 bị chói giọng với bè Nữ, vui lòng chỉnh lại","submitted_by":3}}
{"timestamp":"2026-09-26T11:02:55+02:00","action":"review_submit","actor_id":3,"target_id":6,"ip":"CLI","details":{"target_type":"chord_set","target_id":101,"song_id":"test-song-rev","review_type":"recommend"}}
{"timestamp":"2026-09-26T11:02:55+02:00","action":"review_withdraw","actor_id":3,"target_id":6,"ip":"CLI","details":[]}
{"timestamp":"2026-09-26T11:02:55+02:00","action":"user_create","actor_id":1,"target_id":72,"ip":"CLI","details":{"username":"test_leader_user","role":"leader","chord_code":"LEAD","instrument":"Chỉ huy \/ Piano","voice_part":"T"}}
{"timestamp":"2026-09-26T11:02:55+02:00","action":"user_profile_update","actor_id":1,"target_id":72,"ip":"CLI","details":{"display_name":"Ca Trưởng Đổi Bè","instrument":"Organ","chord_code":"LEAD","role":"leader","voice_part":"S","password_changed":false}}
{"timestamp":"2026-09-26T11:02:58+02:00","action":"service_plan_create","actor_id":1,"target_id":1,"ip":"CLI","details":{"title":"Thánh Lễ Chúa Nhật","scheduled_date":"2026-10-04","status":"draft"}}
{"timestamp":"2026-09-26T11:07:58+02:00","action":"service_plan_create","actor_id":2,"target_id":1,"ip":"CLI","details":{"title":"Chúa Nhật Phục Sinh","scheduled_date":"2026-04-12","status":"draft"}}
{"timestamp":"2026-09-26T11:08:25+02:00","action":"service_plan_create","actor_id":10,"target_id":1,"ip":"CLI","details":{"title":"Thánh Lễ Chúa Nhật Phụng Vụ","scheduled_date":"2026-10-01","status":"draft"}}
{"timestamp":"2026-09-26T11:08:25+02:00","action":"assignment_create","actor_id":10,"target_id":1,"ip":"CLI","details":{"assignment_id":1,"user_id":11,"role":"Ca viên Bè S","notes":null}}
{"timestamp":"2026-09-26T11:08:25+02:00","action":"assignment_create","actor_id":10,"target_id":1,"ip":"CLI","details":{"assignment_id":2,"user_id":12,"role":"Ca viên Bè A","notes":null}}
{"timestamp":"2026-09-26T11:08:25+02:00","action":"practice_assignment_create_from_plan","actor_id":10,"target_id":1,"ip":"CLI","details":{"assignments_count":2}}
{"timestamp":"2026-09-26T11:08:25+02:00","action":"practice_assignment_create_from_plan","actor_id":10,"target_id":1,"ip":"CLI","details":{"assignments_count":2}}
{"timestamp":"2026-09-26T11:08:25+02:00","action":"practice_assignment_create_adhoc","actor_id":10,"target_id":3,"ip":"CLI","details":{"song_id":"003-ngoi-gie-ho-va","targets":1}}
{"timestamp":"2026-09-26T11:08:25+02:00","action":"practice_assignment_create_adhoc","actor_id":10,"target_id":4,"ip":"CLI","details":{"song_id":"004-ha-le-lu-gia","targets":1}}
{"timestamp":"2026-09-26T11:08:25+02:00","action":"review_submit","actor_id":3,"target_id":1,"ip":"CLI","details":{"target_type":"chord_set","target_id":101,"song_id":"test-song-rev","review_type":"recommend"}}
{"timestamp":"2026-09-26T11:08:25+02:00","action":"review_submit","actor_id":3,"target_id":2,"ip":"CLI","details":{"target_type":"chord_set","target_id":101,"song_id":"test-song-rev","review_type":"update_hd"}}
{"timestamp":"2026-09-26T11:08:25+02:00","action":"review_submit","actor_id":3,"target_id":3,"ip":"CLI","details":{"target_type":"chord_set","target_id":101,"song_id":"test-song-rev","review_type":"recommend"}}
{"timestamp":"2026-09-26T11:08:25+02:00","action":"review_approve","actor_id":4,"target_id":3,"ip":"CLI","details":{"review_type":"recommend","target_type":"chord_set","target_id":101,"song_id":"test-song-rev"}}
{"timestamp":"2026-09-26T11:08:25+02:00","action":"review_submit","actor_id":3,"target_id":4,"ip":"CLI","details":{"target_type":"chord_set","target_id":102,"song_id":"test-song-rev","review_type":"update_hd"}}
{"timestamp":"2026-09-26T11:08:25+02:00","action":"review_approve","actor_id":1,"target_id":4,"ip":"CLI","details":{"review_type":"update_hd","target_type":"chord_set","target_id":102,"song_id":"test-song-rev"}}
{"timestamp":"2026-09-26T11:08:26+02:00","action":"review_rollback_hd","actor_id":1,"target_id":1,"ip":"CLI","details":{"song_id":"test-song-rev","source_history_id":1}}
{"timestamp":"2026-09-26T11:08:26+02:00","action":"review_submit","actor_id":3,"target_id":5,"ip":"CLI","details":{"target_type":"chord_set","target_id":101,"song_id":"test-song-rev","review_type":"recommend"}}
{"timestamp":"2026-09-26T11:08:26+02:00","action":"review_reject","actor_id":4,"target_id":5,"ip":"CLI","details":{"reason":"Hợp âm ô nhịp 2 bị chói giọng với bè Nữ, vui lòng chỉnh lại","submitted_by":3}}
{"timestamp":"2026-09-26T11:08:26+02:00","action":"review_submit","actor_id":3,"target_id":6,"ip":"CLI","details":{"target_type":"chord_set","target_id":101,"song_id":"test-song-rev","review_type":"recommend"}}
{"timestamp":"2026-09-26T11:08:26+02:00","action":"review_withdraw","actor_id":3,"target_id":6,"ip":"CLI","details":[]}
{"timestamp":"2026-09-26T11:08:26+02:00","action":"user_create","actor_id":1,"target_id":76,"ip":"CLI","details":{"username":"test_leader_user","role":"leader","chord_code":"LEAD","instrument":"Chỉ huy \/ Piano","voice_part":"T"}}
{"timestamp":"2026-09-26T11:08:26+02:00","action":"user_profile_update","actor_id":1,"target_id":76,"ip":"CLI","details":{"display_name":"Ca Trưởng Đổi Bè","instrument":"Organ","chord_code":"LEAD","role":"leader","voice_part":"S","password_changed":false}}
{"timestamp":"2026-09-26T11:08:29+02:00","action":"service_plan_create","actor_id":1,"target_id":1,"ip":"CLI","details":{"title":"Thánh Lễ Chúa Nhật","scheduled_date":"2026-10-04","status":"draft"}}
{"timestamp":"2026-09-26T11:15:24+02:00","action":"user_role_change","actor_id":7,"target_id":6,"ip":"::1","details":{"old_role":"viewer","new_role":"banhat"}}
{"timestamp":"2026-09-26T11:15:25+02:00","action":"user_role_change","actor_id":7,"target_id":6,"ip":"::1","details":{"old_role":"banhat","new_role":"viewer"}}
{"timestamp":"2026-09-26T11:15:31+02:00","action":"user_role_change","actor_id":7,"target_id":6,"ip":"::1","details":{"old_role":"viewer","new_role":"banhat"}}
{"timestamp":"2026-09-26T11:15:32+02:00","action":"user_role_change","actor_id":7,"target_id":6,"ip":"::1","details":{"old_role":"banhat","new_role":"viewer"}}
{"timestamp":"2026-09-26T11:18:55+02:00","action":"service_plan_create","actor_id":2,"target_id":1,"ip":"CLI","details":{"title":"Chúa Nhật Phục Sinh","scheduled_date":"2026-04-12","status":"draft"}}
{"timestamp":"2026-09-26T11:19:24+02:00","action":"service_plan_create","actor_id":10,"target_id":1,"ip":"CLI","details":{"title":"Thánh Lễ Chúa Nhật Phụng Vụ","scheduled_date":"2026-10-01","status":"draft"}}
{"timestamp":"2026-09-26T11:19:24+02:00","action":"assignment_create","actor_id":10,"target_id":1,"ip":"CLI","details":{"assignment_id":1,"user_id":11,"role":"Ca viên Bè S","notes":null}}
{"timestamp":"2026-09-26T11:19:24+02:00","action":"assignment_create","actor_id":10,"target_id":1,"ip":"CLI","details":{"assignment_id":2,"user_id":12,"role":"Ca viên Bè A","notes":null}}
{"timestamp":"2026-09-26T11:19:24+02:00","action":"practice_assignment_create_from_plan","actor_id":10,"target_id":1,"ip":"CLI","details":{"assignments_count":2}}
{"timestamp":"2026-09-26T11:19:24+02:00","action":"practice_assignment_create_from_plan","actor_id":10,"target_id":1,"ip":"CLI","details":{"assignments_count":2}}
{"timestamp":"2026-09-26T11:19:24+02:00","action":"practice_assignment_create_adhoc","actor_id":10,"target_id":3,"ip":"CLI","details":{"song_id":"003-ngoi-gie-ho-va","targets":1}}
{"timestamp":"2026-09-26T11:19:24+02:00","action":"practice_assignment_create_adhoc","actor_id":10,"target_id":4,"ip":"CLI","details":{"song_id":"004-ha-le-lu-gia","targets":1}}
{"timestamp":"2026-09-26T11:19:25+02:00","action":"review_submit","actor_id":3,"target_id":1,"ip":"CLI","details":{"target_type":"chord_set","target_id":101,"song_id":"test-song-rev","review_type":"recommend"}}
{"timestamp":"2026-09-26T11:19:25+02:00","action":"review_submit","actor_id":3,"target_id":2,"ip":"CLI","details":{"target_type":"chord_set","target_id":101,"song_id":"test-song-rev","review_type":"update_hd"}}
{"timestamp":"2026-09-26T11:19:25+02:00","action":"review_submit","actor_id":3,"target_id":3,"ip":"CLI","details":{"target_type":"chord_set","target_id":101,"song_id":"test-song-rev","review_type":"recommend"}}
{"timestamp":"2026-09-26T11:19:25+02:00","action":"review_approve","actor_id":4,"target_id":3,"ip":"CLI","details":{"review_type":"recommend","target_type":"chord_set","target_id":101,"song_id":"test-song-rev"}}
{"timestamp":"2026-09-26T11:19:25+02:00","action":"review_submit","actor_id":3,"target_id":4,"ip":"CLI","details":{"target_type":"chord_set","target_id":102,"song_id":"test-song-rev","review_type":"update_hd"}}
{"timestamp":"2026-09-26T11:19:25+02:00","action":"review_approve","actor_id":1,"target_id":4,"ip":"CLI","details":{"review_type":"update_hd","target_type":"chord_set","target_id":102,"song_id":"test-song-rev"}}
{"timestamp":"2026-09-26T11:19:25+02:00","action":"review_rollback_hd","actor_id":1,"target_id":1,"ip":"CLI","details":{"song_id":"test-song-rev","source_history_id":1}}
{"timestamp":"2026-09-26T11:19:25+02:00","action":"review_submit","actor_id":3,"target_id":5,"ip":"CLI","details":{"target_type":"chord_set","target_id":101,"song_id":"test-song-rev","review_type":"recommend"}}
{"timestamp":"2026-09-26T11:19:25+02:00","action":"review_reject","actor_id":4,"target_id":5,"ip":"CLI","details":{"reason":"Hợp âm ô nhịp 2 bị chói giọng với bè Nữ, vui lòng chỉnh lại","submitted_by":3}}
{"timestamp":"2026-09-26T11:19:25+02:00","action":"review_submit","actor_id":3,"target_id":6,"ip":"CLI","details":{"target_type":"chord_set","target_id":101,"song_id":"test-song-rev","review_type":"recommend"}}
{"timestamp":"2026-09-26T11:19:25+02:00","action":"review_withdraw","actor_id":3,"target_id":6,"ip":"CLI","details":[]}
{"timestamp":"2026-09-26T11:19:25+02:00","action":"user_create","actor_id":1,"target_id":80,"ip":"CLI","details":{"username":"test_leader_user","role":"leader","chord_code":"LEAD","instrument":"Chỉ huy \/ Piano","voice_part":"T"}}
{"timestamp":"2026-09-26T11:19:25+02:00","action":"user_profile_update","actor_id":1,"target_id":80,"ip":"CLI","details":{"display_name":"Ca Trưởng Đổi Bè","instrument":"Organ","chord_code":"LEAD","role":"leader","voice_part":"S","password_changed":false}}
{"timestamp":"2026-09-26T11:19:28+02:00","action":"service_plan_create","actor_id":1,"target_id":1,"ip":"CLI","details":{"title":"Thánh Lễ Chúa Nhật","scheduled_date":"2026-10-04","status":"draft"}}
{"timestamp":"2026-09-26T11:21:00+02:00","action":"service_plan_create","actor_id":2,"target_id":1,"ip":"CLI","details":{"title":"Chúa Nhật Phục Sinh","scheduled_date":"2026-04-12","status":"draft"}}
{"timestamp":"2026-09-26T11:21:27+02:00","action":"service_plan_create","actor_id":10,"target_id":1,"ip":"CLI","details":{"title":"Thánh Lễ Chúa Nhật Phụng Vụ","scheduled_date":"2026-10-01","status":"draft"}}
{"timestamp":"2026-09-26T11:21:27+02:00","action":"assignment_create","actor_id":10,"target_id":1,"ip":"CLI","details":{"assignment_id":1,"user_id":11,"role":"Ca viên Bè S","notes":null}}
{"timestamp":"2026-09-26T11:21:27+02:00","action":"assignment_create","actor_id":10,"target_id":1,"ip":"CLI","details":{"assignment_id":2,"user_id":12,"role":"Ca viên Bè A","notes":null}}
{"timestamp":"2026-09-26T11:21:27+02:00","action":"practice_assignment_create_from_plan","actor_id":10,"target_id":1,"ip":"CLI","details":{"assignments_count":2}}
{"timestamp":"2026-09-26T11:21:27+02:00","action":"practice_assignment_create_from_plan","actor_id":10,"target_id":1,"ip":"CLI","details":{"assignments_count":2}}
{"timestamp":"2026-09-26T11:21:27+02:00","action":"practice_assignment_create_adhoc","actor_id":10,"target_id":3,"ip":"CLI","details":{"song_id":"003-ngoi-gie-ho-va","targets":1}}
{"timestamp":"2026-09-26T11:21:27+02:00","action":"practice_assignment_create_adhoc","actor_id":10,"target_id":4,"ip":"CLI","details":{"song_id":"004-ha-le-lu-gia","targets":1}}
{"timestamp":"2026-09-26T11:21:28+02:00","action":"review_submit","actor_id":3,"target_id":1,"ip":"CLI","details":{"target_type":"chord_set","target_id":101,"song_id":"test-song-rev","review_type":"recommend"}}
{"timestamp":"2026-09-26T11:21:28+02:00","action":"review_submit","actor_id":3,"target_id":2,"ip":"CLI","details":{"target_type":"chord_set","target_id":101,"song_id":"test-song-rev","review_type":"update_hd"}}
{"timestamp":"2026-09-26T11:21:28+02:00","action":"review_submit","actor_id":3,"target_id":3,"ip":"CLI","details":{"target_type":"chord_set","target_id":101,"song_id":"test-song-rev","review_type":"recommend"}}
{"timestamp":"2026-09-26T11:21:28+02:00","action":"review_approve","actor_id":4,"target_id":3,"ip":"CLI","details":{"review_type":"recommend","target_type":"chord_set","target_id":101,"song_id":"test-song-rev"}}
{"timestamp":"2026-09-26T11:21:28+02:00","action":"review_submit","actor_id":3,"target_id":4,"ip":"CLI","details":{"target_type":"chord_set","target_id":102,"song_id":"test-song-rev","review_type":"update_hd"}}
{"timestamp":"2026-09-26T11:21:28+02:00","action":"review_approve","actor_id":1,"target_id":4,"ip":"CLI","details":{"review_type":"update_hd","target_type":"chord_set","target_id":102,"song_id":"test-song-rev"}}
{"timestamp":"2026-09-26T11:21:28+02:00","action":"review_rollback_hd","actor_id":1,"target_id":1,"ip":"CLI","details":{"song_id":"test-song-rev","source_history_id":1}}
{"timestamp":"2026-09-26T11:21:28+02:00","action":"review_submit","actor_id":3,"target_id":5,"ip":"CLI","details":{"target_type":"chord_set","target_id":101,"song_id":"test-song-rev","review_type":"recommend"}}
{"timestamp":"2026-09-26T11:21:28+02:00","action":"review_reject","actor_id":4,"target_id":5,"ip":"CLI","details":{"reason":"Hợp âm ô nhịp 2 bị chói giọng với bè Nữ, vui lòng chỉnh lại","submitted_by":3}}
{"timestamp":"2026-09-26T11:21:28+02:00","action":"review_submit","actor_id":3,"target_id":6,"ip":"CLI","details":{"target_type":"chord_set","target_id":101,"song_id":"test-song-rev","review_type":"recommend"}}
{"timestamp":"2026-09-26T11:21:28+02:00","action":"review_withdraw","actor_id":3,"target_id":6,"ip":"CLI","details":[]}
{"timestamp":"2026-09-26T11:21:28+02:00","action":"user_create","actor_id":1,"target_id":84,"ip":"CLI","details":{"username":"test_leader_user","role":"leader","chord_code":"LEAD","instrument":"Chỉ huy \/ Piano","voice_part":"T"}}
{"timestamp":"2026-09-26T11:21:28+02:00","action":"user_profile_update","actor_id":1,"target_id":84,"ip":"CLI","details":{"display_name":"Ca Trưởng Đổi Bè","instrument":"Organ","chord_code":"LEAD","role":"leader","voice_part":"S","password_changed":false}}
{"timestamp":"2026-09-26T11:21:31+02:00","action":"service_plan_create","actor_id":1,"target_id":1,"ip":"CLI","details":{"title":"Thánh Lễ Chúa Nhật","scheduled_date":"2026-10-04","status":"draft"}}
{"timestamp":"2026-09-26T11:21:55+02:00","action":"user_profile_update","actor_id":7,"target_id":6,"ip":"::1","details":{"display_name":"Khách Xem","instrument":"Guitar","chord_code":"","role":"leader","voice_part":"T","password_changed":false}}
{"timestamp":"2026-09-26T11:21:55+02:00","action":"user_profile_update","actor_id":7,"target_id":6,"ip":"::1","details":{"display_name":"Khách Xem","instrument":"Guitar","chord_code":"","role":"viewer","voice_part":"T","password_changed":false}}
{"timestamp":"2026-09-26T11:22:05+02:00","action":"user_role_change","actor_id":7,"target_id":6,"ip":"::1","details":{"old_role":"viewer","new_role":"banhat"}}
{"timestamp":"2026-09-26T11:22:05+02:00","action":"user_role_change","actor_id":7,"target_id":6,"ip":"::1","details":{"old_role":"banhat","new_role":"viewer"}}
{"timestamp":"2026-09-26T11:22:11+02:00","action":"service_plan_create","actor_id":1,"target_id":130,"ip":"CLI","details":{"title":"Thánh Lễ Chúa Nhật E2E 73d8af","scheduled_date":"2026-09-29","status":"draft"}}
{"timestamp":"2026-09-26T11:22:11+02:00","action":"assignment_create","actor_id":1,"target_id":130,"ip":"CLI","details":{"assignment_id":48,"user_id":1,"role":"Ca viên Bè S","notes":"Ghi chú tập bè"}}
{"timestamp":"2026-09-26T11:22:11+02:00","action":"service_plan_update","actor_id":1,"target_id":130,"ip":"CLI","details":{"status":"published"}}
{"timestamp":"2026-09-26T11:22:11+02:00","action":"service_plan_publish","actor_id":1,"target_id":130,"ip":"CLI","details":{"status":"published"}}
{"timestamp":"2026-09-26T11:22:15+02:00","action":"service_plan_create","actor_id":1,"target_id":131,"ip":"::1","details":{"title":"E2E Setlist Offline Test 1790414535089","scheduled_date":"2026-10-15","status":"draft"}}
{"timestamp":"2026-09-26T11:22:15+02:00","action":"service_plan_update","actor_id":1,"target_id":131,"ip":"::1","details":{"status":"published"}}
{"timestamp":"2026-09-26T11:22:15+02:00","action":"service_plan_publish","actor_id":1,"target_id":131,"ip":"::1","details":{"status":"published"}}
{"timestamp":"2026-09-26T11:22:16+02:00","action":"service_plan_delete","actor_id":1,"target_id":131,"ip":"::1","details":[]}
{"timestamp":"2026-09-26T11:22:16+02:00","action":"practice_assignment_create_adhoc","actor_id":1,"target_id":33,"ip":"CLI","details":{"song_id":"thanh-ca-001","targets":1}}
{"timestamp":"2026-09-26T11:22:21+02:00","action":"service_plan_create","actor_id":1,"target_id":132,"ip":"CLI","details":{"title":"E2E Test Setlist BPM 90 - 1790414541","scheduled_date":"2026-09-26","status":"draft"}}
{"timestamp":"2026-09-26T11:22:23+02:00","action":"service_plan_delete","actor_id":null,"target_id":132,"ip":"CLI","details":[]}
{"timestamp":"2026-09-26T11:22:23+02:00","action":"service_plan_create","actor_id":1,"target_id":133,"ip":"CLI","details":{"title":"E2E Test Setlist 5 Songs - 1790414543","scheduled_date":"2026-09-26","status":"draft"}}
{"timestamp":"2026-09-26T11:22:26+02:00","action":"service_plan_delete","actor_id":null,"target_id":133,"ip":"CLI","details":[]}
{"timestamp":"2026-09-26T11:22:39+02:00","action":"user_profile_update","actor_id":7,"target_id":6,"ip":"::1","details":{"display_name":"Khách Xem","instrument":"Guitar","chord_code":"","role":"leader","voice_part":"T","password_changed":false}}
{"timestamp":"2026-09-26T11:22:40+02:00","action":"user_profile_update","actor_id":7,"target_id":6,"ip":"::1","details":{"display_name":"Khách Xem","instrument":"Guitar","chord_code":"","role":"viewer","voice_part":"T","password_changed":false}}
{"timestamp":"2026-09-26T11:22:52+02:00","action":"user_role_change","actor_id":7,"target_id":6,"ip":"::1","details":{"old_role":"viewer","new_role":"banhat"}}
{"timestamp":"2026-09-26T11:22:52+02:00","action":"user_role_change","actor_id":7,"target_id":6,"ip":"::1","details":{"old_role":"banhat","new_role":"viewer"}}
{"timestamp":"2026-09-26T11:23:02+02:00","action":"service_plan_create","actor_id":1,"target_id":134,"ip":"CLI","details":{"title":"Thánh Lễ Chúa Nhật E2E e0a8ca","scheduled_date":"2026-09-29","status":"draft"}}
{"timestamp":"2026-09-26T11:23:02+02:00","action":"assignment_create","actor_id":1,"target_id":134,"ip":"CLI","details":{"assignment_id":49,"user_id":1,"role":"Ca viên Bè S","notes":"Ghi chú tập bè"}}
{"timestamp":"2026-09-26T11:23:02+02:00","action":"service_plan_update","actor_id":1,"target_id":134,"ip":"CLI","details":{"status":"published"}}
{"timestamp":"2026-09-26T11:23:02+02:00","action":"service_plan_publish","actor_id":1,"target_id":134,"ip":"CLI","details":{"status":"published"}}
{"timestamp":"2026-09-26T11:23:04+02:00","action":"practice_assignment_create_adhoc","actor_id":1,"target_id":34,"ip":"CLI","details":{"song_id":"thanh-ca-001","targets":1}}
{"timestamp":"2026-09-26T11:23:10+02:00","action":"service_plan_create","actor_id":1,"target_id":135,"ip":"CLI","details":{"title":"E2E Test Setlist BPM 90 - 1790414590","scheduled_date":"2026-09-26","status":"draft"}}
{"timestamp":"2026-09-26T11:23:12+02:00","action":"service_plan_delete","actor_id":null,"target_id":135,"ip":"CLI","details":[]}
{"timestamp":"2026-09-26T11:23:12+02:00","action":"service_plan_create","actor_id":1,"target_id":136,"ip":"CLI","details":{"title":"E2E Test Setlist 5 Songs - 1790414592","scheduled_date":"2026-09-26","status":"draft"}}
{"timestamp":"2026-09-26T11:23:17+02:00","action":"service_plan_delete","actor_id":null,"target_id":136,"ip":"CLI","details":[]}
{"timestamp":"2026-09-26T11:28:31+02:00","action":"service_plan_create","actor_id":1,"target_id":1,"ip":"CLI","details":{"title":"Thánh Lễ Chúa Nhật","scheduled_date":"2026-10-04","status":"draft"}}
{"timestamp":"2026-09-26T11:30:44+02:00","action":"service_plan_create","actor_id":2,"target_id":1,"ip":"CLI","details":{"title":"Chúa Nhật Phục Sinh","scheduled_date":"2026-04-12","status":"draft"}}
{"timestamp":"2026-09-26T11:31:12+02:00","action":"service_plan_create","actor_id":10,"target_id":1,"ip":"CLI","details":{"title":"Thánh Lễ Chúa Nhật Phụng Vụ","scheduled_date":"2026-10-01","status":"draft"}}
{"timestamp":"2026-09-26T11:31:12+02:00","action":"assignment_create","actor_id":10,"target_id":1,"ip":"CLI","details":{"assignment_id":1,"user_id":11,"role":"Ca viên Bè S","notes":null}}
{"timestamp":"2026-09-26T11:31:12+02:00","action":"assignment_create","actor_id":10,"target_id":1,"ip":"CLI","details":{"assignment_id":2,"user_id":12,"role":"Ca viên Bè A","notes":null}}
{"timestamp":"2026-09-26T11:31:12+02:00","action":"practice_assignment_create_from_plan","actor_id":10,"target_id":1,"ip":"CLI","details":{"assignments_count":2}}
{"timestamp":"2026-09-26T11:31:12+02:00","action":"practice_assignment_create_from_plan","actor_id":10,"target_id":1,"ip":"CLI","details":{"assignments_count":2}}
{"timestamp":"2026-09-26T11:31:12+02:00","action":"practice_assignment_create_adhoc","actor_id":10,"target_id":3,"ip":"CLI","details":{"song_id":"003-ngoi-gie-ho-va","targets":1}}
{"timestamp":"2026-09-26T11:31:12+02:00","action":"practice_assignment_create_adhoc","actor_id":10,"target_id":4,"ip":"CLI","details":{"song_id":"004-ha-le-lu-gia","targets":1}}
{"timestamp":"2026-09-26T11:31:13+02:00","action":"review_submit","actor_id":3,"target_id":1,"ip":"CLI","details":{"target_type":"chord_set","target_id":101,"song_id":"test-song-rev","review_type":"recommend"}}
{"timestamp":"2026-09-26T11:31:13+02:00","action":"review_submit","actor_id":3,"target_id":2,"ip":"CLI","details":{"target_type":"chord_set","target_id":101,"song_id":"test-song-rev","review_type":"update_hd"}}
{"timestamp":"2026-09-26T11:31:13+02:00","action":"review_submit","actor_id":3,"target_id":3,"ip":"CLI","details":{"target_type":"chord_set","target_id":101,"song_id":"test-song-rev","review_type":"recommend"}}
{"timestamp":"2026-09-26T11:31:13+02:00","action":"review_approve","actor_id":4,"target_id":3,"ip":"CLI","details":{"review_type":"recommend","target_type":"chord_set","target_id":101,"song_id":"test-song-rev"}}
{"timestamp":"2026-09-26T11:31:13+02:00","action":"review_submit","actor_id":3,"target_id":4,"ip":"CLI","details":{"target_type":"chord_set","target_id":102,"song_id":"test-song-rev","review_type":"update_hd"}}
{"timestamp":"2026-09-26T11:31:13+02:00","action":"review_approve","actor_id":1,"target_id":4,"ip":"CLI","details":{"review_type":"update_hd","target_type":"chord_set","target_id":102,"song_id":"test-song-rev"}}
{"timestamp":"2026-09-26T11:31:13+02:00","action":"review_rollback_hd","actor_id":1,"target_id":1,"ip":"CLI","details":{"song_id":"test-song-rev","source_history_id":1}}
{"timestamp":"2026-09-26T11:31:13+02:00","action":"review_submit","actor_id":3,"target_id":5,"ip":"CLI","details":{"target_type":"chord_set","target_id":101,"song_id":"test-song-rev","review_type":"recommend"}}
{"timestamp":"2026-09-26T11:31:13+02:00","action":"review_reject","actor_id":4,"target_id":5,"ip":"CLI","details":{"reason":"Hợp âm ô nhịp 2 bị chói giọng với bè Nữ, vui lòng chỉnh lại","submitted_by":3}}
{"timestamp":"2026-09-26T11:31:13+02:00","action":"review_submit","actor_id":3,"target_id":6,"ip":"CLI","details":{"target_type":"chord_set","target_id":101,"song_id":"test-song-rev","review_type":"recommend"}}
{"timestamp":"2026-09-26T11:31:13+02:00","action":"review_withdraw","actor_id":3,"target_id":6,"ip":"CLI","details":[]}
{"timestamp":"2026-09-26T11:31:13+02:00","action":"user_create","actor_id":1,"target_id":88,"ip":"CLI","details":{"username":"test_leader_user","role":"leader","chord_code":"LEAD","instrument":"Chỉ huy \/ Piano","voice_part":"T"}}
{"timestamp":"2026-09-26T11:31:13+02:00","action":"user_profile_update","actor_id":1,"target_id":88,"ip":"CLI","details":{"display_name":"Ca Trưởng Đổi Bè","instrument":"Organ","chord_code":"LEAD","role":"leader","voice_part":"S","password_changed":false}}
{"timestamp":"2026-09-26T11:31:16+02:00","action":"service_plan_create","actor_id":1,"target_id":1,"ip":"CLI","details":{"title":"Thánh Lễ Chúa Nhật","scheduled_date":"2026-10-04","status":"draft"}}
{"timestamp":"2026-09-26T11:32:54+02:00","action":"service_plan_create","actor_id":2,"target_id":1,"ip":"CLI","details":{"title":"Chúa Nhật Phục Sinh","scheduled_date":"2026-04-12","status":"draft"}}
{"timestamp":"2026-09-26T11:33:21+02:00","action":"service_plan_create","actor_id":10,"target_id":1,"ip":"CLI","details":{"title":"Thánh Lễ Chúa Nhật Phụng Vụ","scheduled_date":"2026-10-01","status":"draft"}}
{"timestamp":"2026-09-26T11:33:21+02:00","action":"assignment_create","actor_id":10,"target_id":1,"ip":"CLI","details":{"assignment_id":1,"user_id":11,"role":"Ca viên Bè S","notes":null}}
{"timestamp":"2026-09-26T11:33:21+02:00","action":"assignment_create","actor_id":10,"target_id":1,"ip":"CLI","details":{"assignment_id":2,"user_id":12,"role":"Ca viên Bè A","notes":null}}
{"timestamp":"2026-09-26T11:33:21+02:00","action":"practice_assignment_create_from_plan","actor_id":10,"target_id":1,"ip":"CLI","details":{"assignments_count":2}}
{"timestamp":"2026-09-26T11:33:21+02:00","action":"practice_assignment_create_from_plan","actor_id":10,"target_id":1,"ip":"CLI","details":{"assignments_count":2}}
{"timestamp":"2026-09-26T11:33:21+02:00","action":"practice_assignment_create_adhoc","actor_id":10,"target_id":3,"ip":"CLI","details":{"song_id":"003-ngoi-gie-ho-va","targets":1}}
{"timestamp":"2026-09-26T11:33:21+02:00","action":"practice_assignment_create_adhoc","actor_id":10,"target_id":4,"ip":"CLI","details":{"song_id":"004-ha-le-lu-gia","targets":1}}
{"timestamp":"2026-09-26T11:33:22+02:00","action":"review_submit","actor_id":3,"target_id":1,"ip":"CLI","details":{"target_type":"chord_set","target_id":101,"song_id":"test-song-rev","review_type":"recommend"}}
{"timestamp":"2026-09-26T11:33:22+02:00","action":"review_submit","actor_id":3,"target_id":2,"ip":"CLI","details":{"target_type":"chord_set","target_id":101,"song_id":"test-song-rev","review_type":"update_hd"}}
{"timestamp":"2026-09-26T11:33:22+02:00","action":"review_submit","actor_id":3,"target_id":3,"ip":"CLI","details":{"target_type":"chord_set","target_id":101,"song_id":"test-song-rev","review_type":"recommend"}}
{"timestamp":"2026-09-26T11:33:22+02:00","action":"review_approve","actor_id":4,"target_id":3,"ip":"CLI","details":{"review_type":"recommend","target_type":"chord_set","target_id":101,"song_id":"test-song-rev"}}
{"timestamp":"2026-09-26T11:33:22+02:00","action":"review_submit","actor_id":3,"target_id":4,"ip":"CLI","details":{"target_type":"chord_set","target_id":102,"song_id":"test-song-rev","review_type":"update_hd"}}
{"timestamp":"2026-09-26T11:33:22+02:00","action":"review_approve","actor_id":1,"target_id":4,"ip":"CLI","details":{"review_type":"update_hd","target_type":"chord_set","target_id":102,"song_id":"test-song-rev"}}
{"timestamp":"2026-09-26T11:33:22+02:00","action":"review_rollback_hd","actor_id":1,"target_id":1,"ip":"CLI","details":{"song_id":"test-song-rev","source_history_id":1}}
{"timestamp":"2026-09-26T11:33:22+02:00","action":"review_submit","actor_id":3,"target_id":5,"ip":"CLI","details":{"target_type":"chord_set","target_id":101,"song_id":"test-song-rev","review_type":"recommend"}}
{"timestamp":"2026-09-26T11:33:22+02:00","action":"review_reject","actor_id":4,"target_id":5,"ip":"CLI","details":{"reason":"Hợp âm ô nhịp 2 bị chói giọng với bè Nữ, vui lòng chỉnh lại","submitted_by":3}}
{"timestamp":"2026-09-26T11:33:22+02:00","action":"review_submit","actor_id":3,"target_id":6,"ip":"CLI","details":{"target_type":"chord_set","target_id":101,"song_id":"test-song-rev","review_type":"recommend"}}
{"timestamp":"2026-09-26T11:33:22+02:00","action":"review_withdraw","actor_id":3,"target_id":6,"ip":"CLI","details":[]}
{"timestamp":"2026-09-26T11:33:22+02:00","action":"user_create","actor_id":1,"target_id":92,"ip":"CLI","details":{"username":"test_leader_user","role":"leader","chord_code":"LEAD","instrument":"Chỉ huy \/ Piano","voice_part":"T"}}
{"timestamp":"2026-09-26T11:33:22+02:00","action":"user_profile_update","actor_id":1,"target_id":92,"ip":"CLI","details":{"display_name":"Ca Trưởng Đổi Bè","instrument":"Organ","chord_code":"LEAD","role":"leader","voice_part":"S","password_changed":false}}
{"timestamp":"2026-09-26T11:33:25+02:00","action":"service_plan_create","actor_id":1,"target_id":1,"ip":"CLI","details":{"title":"Thánh Lễ Chúa Nhật","scheduled_date":"2026-10-04","status":"draft"}}
{"timestamp":"2026-09-26T11:36:23+02:00","action":"service_plan_create","actor_id":10,"target_id":1,"ip":"CLI","details":{"title":"Thánh Lễ Chúa Nhật Phụng Vụ","scheduled_date":"2026-10-01","status":"draft"}}
{"timestamp":"2026-09-26T11:36:23+02:00","action":"assignment_create","actor_id":10,"target_id":1,"ip":"CLI","details":{"assignment_id":1,"user_id":11,"role":"Ca viên Bè S","notes":null}}
{"timestamp":"2026-09-26T11:36:23+02:00","action":"assignment_create","actor_id":10,"target_id":1,"ip":"CLI","details":{"assignment_id":2,"user_id":12,"role":"Ca viên Bè A","notes":null}}
{"timestamp":"2026-09-26T11:36:23+02:00","action":"practice_assignment_create_from_plan","actor_id":10,"target_id":1,"ip":"CLI","details":{"assignments_count":2}}
{"timestamp":"2026-09-26T11:36:23+02:00","action":"practice_assignment_create_from_plan","actor_id":10,"target_id":1,"ip":"CLI","details":{"assignments_count":2}}
{"timestamp":"2026-09-26T11:36:23+02:00","action":"practice_assignment_create_adhoc","actor_id":10,"target_id":3,"ip":"CLI","details":{"song_id":"003-ngoi-gie-ho-va","targets":1}}
{"timestamp":"2026-09-26T11:36:23+02:00","action":"practice_assignment_create_adhoc","actor_id":10,"target_id":4,"ip":"CLI","details":{"song_id":"004-ha-le-lu-gia","targets":1}}
{"timestamp":"2026-09-26T11:39:56+02:00","action":"review_submit","actor_id":3,"target_id":1,"ip":"CLI","details":{"target_type":"chord_set","target_id":101,"song_id":"test-song-rev","review_type":"recommend"}}
{"timestamp":"2026-09-26T11:39:56+02:00","action":"review_submit","actor_id":3,"target_id":2,"ip":"CLI","details":{"target_type":"chord_set","target_id":101,"song_id":"test-song-rev","review_type":"update_hd"}}
{"timestamp":"2026-09-26T11:39:56+02:00","action":"review_submit","actor_id":3,"target_id":3,"ip":"CLI","details":{"target_type":"chord_set","target_id":101,"song_id":"test-song-rev","review_type":"recommend"}}
{"timestamp":"2026-09-26T11:39:56+02:00","action":"review_approve","actor_id":4,"target_id":3,"ip":"CLI","details":{"review_type":"recommend","target_type":"chord_set","target_id":101,"song_id":"test-song-rev"}}
{"timestamp":"2026-09-26T11:39:56+02:00","action":"review_submit","actor_id":3,"target_id":4,"ip":"CLI","details":{"target_type":"chord_set","target_id":102,"song_id":"test-song-rev","review_type":"update_hd"}}
{"timestamp":"2026-09-26T11:39:56+02:00","action":"review_approve","actor_id":1,"target_id":4,"ip":"CLI","details":{"review_type":"update_hd","target_type":"chord_set","target_id":102,"song_id":"test-song-rev"}}
{"timestamp":"2026-09-26T11:39:56+02:00","action":"review_rollback_hd","actor_id":1,"target_id":1,"ip":"CLI","details":{"song_id":"test-song-rev","source_history_id":1}}
{"timestamp":"2026-09-26T11:39:56+02:00","action":"review_submit","actor_id":3,"target_id":5,"ip":"CLI","details":{"target_type":"chord_set","target_id":101,"song_id":"test-song-rev","review_type":"recommend"}}
{"timestamp":"2026-09-26T11:39:56+02:00","action":"review_reject","actor_id":4,"target_id":5,"ip":"CLI","details":{"reason":"Hợp âm ô nhịp 2 bị chói giọng với bè Nữ, vui lòng chỉnh lại","submitted_by":3}}
{"timestamp":"2026-09-26T11:39:56+02:00","action":"review_submit","actor_id":3,"target_id":6,"ip":"CLI","details":{"target_type":"chord_set","target_id":101,"song_id":"test-song-rev","review_type":"recommend"}}
{"timestamp":"2026-09-26T11:39:56+02:00","action":"review_withdraw","actor_id":3,"target_id":6,"ip":"CLI","details":[]}
{"timestamp":"2026-09-26T11:50:58+02:00","action":"service_plan_create","actor_id":2,"target_id":1,"ip":"CLI","details":{"title":"Chúa Nhật Phục Sinh","scheduled_date":"2026-04-12","status":"draft"}}
{"timestamp":"2026-09-26T11:51:28+02:00","action":"service_plan_create","actor_id":10,"target_id":1,"ip":"CLI","details":{"title":"Thánh Lễ Chúa Nhật Phụng Vụ","scheduled_date":"2026-10-01","status":"draft"}}
{"timestamp":"2026-09-26T11:51:28+02:00","action":"assignment_create","actor_id":10,"target_id":1,"ip":"CLI","details":{"assignment_id":1,"user_id":11,"role":"Ca viên Bè S","notes":null}}
{"timestamp":"2026-09-26T11:51:28+02:00","action":"assignment_create","actor_id":10,"target_id":1,"ip":"CLI","details":{"assignment_id":2,"user_id":12,"role":"Ca viên Bè A","notes":null}}
{"timestamp":"2026-09-26T11:51:28+02:00","action":"practice_assignment_create_from_plan","actor_id":10,"target_id":1,"ip":"CLI","details":{"assignments_count":2}}
{"timestamp":"2026-09-26T11:51:28+02:00","action":"practice_assignment_create_from_plan","actor_id":10,"target_id":1,"ip":"CLI","details":{"assignments_count":2}}
{"timestamp":"2026-09-26T11:51:28+02:00","action":"practice_assignment_create_adhoc","actor_id":10,"target_id":3,"ip":"CLI","details":{"song_id":"003-ngoi-gie-ho-va","targets":1}}
{"timestamp":"2026-09-26T11:51:28+02:00","action":"practice_assignment_create_adhoc","actor_id":10,"target_id":4,"ip":"CLI","details":{"song_id":"004-ha-le-lu-gia","targets":1}}
{"timestamp":"2026-09-26T11:51:28+02:00","action":"review_submit","actor_id":3,"target_id":1,"ip":"CLI","details":{"target_type":"chord_set","target_id":101,"song_id":"test-song-rev","review_type":"recommend"}}
{"timestamp":"2026-09-26T11:51:28+02:00","action":"review_submit","actor_id":3,"target_id":2,"ip":"CLI","details":{"target_type":"chord_set","target_id":101,"song_id":"test-song-rev","review_type":"update_hd"}}
{"timestamp":"2026-09-26T11:51:28+02:00","action":"review_submit","actor_id":3,"target_id":3,"ip":"CLI","details":{"target_type":"chord_set","target_id":101,"song_id":"test-song-rev","review_type":"recommend"}}
{"timestamp":"2026-09-26T11:51:28+02:00","action":"review_approve","actor_id":4,"target_id":3,"ip":"CLI","details":{"review_type":"recommend","target_type":"chord_set","target_id":101,"song_id":"test-song-rev"}}
{"timestamp":"2026-09-26T11:51:28+02:00","action":"review_submit","actor_id":3,"target_id":4,"ip":"CLI","details":{"target_type":"chord_set","target_id":102,"song_id":"test-song-rev","review_type":"update_hd"}}
{"timestamp":"2026-09-26T11:51:28+02:00","action":"review_approve","actor_id":1,"target_id":4,"ip":"CLI","details":{"review_type":"update_hd","target_type":"chord_set","target_id":102,"song_id":"test-song-rev"}}
{"timestamp":"2026-09-26T11:51:28+02:00","action":"review_rollback_hd","actor_id":1,"target_id":1,"ip":"CLI","details":{"song_id":"test-song-rev","source_history_id":1}}
{"timestamp":"2026-09-26T11:51:28+02:00","action":"review_submit","actor_id":3,"target_id":5,"ip":"CLI","details":{"target_type":"chord_set","target_id":101,"song_id":"test-song-rev","review_type":"recommend"}}
{"timestamp":"2026-09-26T11:51:28+02:00","action":"review_reject","actor_id":4,"target_id":5,"ip":"CLI","details":{"reason":"Hợp âm ô nhịp 2 bị chói giọng với bè Nữ, vui lòng chỉnh lại","submitted_by":3}}
{"timestamp":"2026-09-26T11:51:28+02:00","action":"review_submit","actor_id":3,"target_id":6,"ip":"CLI","details":{"target_type":"chord_set","target_id":101,"song_id":"test-song-rev","review_type":"recommend"}}
{"timestamp":"2026-09-26T11:51:28+02:00","action":"review_withdraw","actor_id":3,"target_id":6,"ip":"CLI","details":[]}
{"timestamp":"2026-09-26T11:51:29+02:00","action":"user_create","actor_id":1,"target_id":96,"ip":"CLI","details":{"username":"test_leader_user","role":"leader","chord_code":"LEAD","instrument":"Chỉ huy \/ Piano","voice_part":"T"}}
{"timestamp":"2026-09-26T11:51:29+02:00","action":"user_profile_update","actor_id":1,"target_id":96,"ip":"CLI","details":{"display_name":"Ca Trưởng Đổi Bè","instrument":"Organ","chord_code":"LEAD","role":"leader","voice_part":"S","password_changed":false}}
{"timestamp":"2026-09-26T11:51:31+02:00","action":"service_plan_create","actor_id":1,"target_id":1,"ip":"CLI","details":{"title":"Thánh Lễ Chúa Nhật","scheduled_date":"2026-10-04","status":"draft"}}
{"timestamp":"2026-09-26T13:22:25+02:00","action":"service_plan_create","actor_id":2,"target_id":1,"ip":"CLI","details":{"title":"Chúa Nhật Phục Sinh","scheduled_date":"2026-04-12","status":"draft"}}
{"timestamp":"2026-09-26T13:22:59+02:00","action":"service_plan_create","actor_id":10,"target_id":1,"ip":"CLI","details":{"title":"Thánh Lễ Chúa Nhật Phụng Vụ","scheduled_date":"2026-10-01","status":"draft"}}
{"timestamp":"2026-09-26T13:22:59+02:00","action":"assignment_create","actor_id":10,"target_id":1,"ip":"CLI","details":{"assignment_id":1,"user_id":11,"role":"Ca viên Bè S","notes":null}}
{"timestamp":"2026-09-26T13:22:59+02:00","action":"assignment_create","actor_id":10,"target_id":1,"ip":"CLI","details":{"assignment_id":2,"user_id":12,"role":"Ca viên Bè A","notes":null}}
{"timestamp":"2026-09-26T13:22:59+02:00","action":"practice_assignment_create_from_plan","actor_id":10,"target_id":1,"ip":"CLI","details":{"assignments_count":2}}
{"timestamp":"2026-09-26T13:22:59+02:00","action":"practice_assignment_create_from_plan","actor_id":10,"target_id":1,"ip":"CLI","details":{"assignments_count":2}}
{"timestamp":"2026-09-26T13:22:59+02:00","action":"practice_assignment_create_adhoc","actor_id":10,"target_id":3,"ip":"CLI","details":{"song_id":"003-ngoi-gie-ho-va","targets":1}}
{"timestamp":"2026-09-26T13:22:59+02:00","action":"practice_assignment_create_adhoc","actor_id":10,"target_id":4,"ip":"CLI","details":{"song_id":"004-ha-le-lu-gia","targets":1}}
{"timestamp":"2026-09-26T13:23:00+02:00","action":"review_submit","actor_id":3,"target_id":1,"ip":"CLI","details":{"target_type":"chord_set","target_id":101,"song_id":"test-song-rev","review_type":"recommend"}}
{"timestamp":"2026-09-26T13:23:00+02:00","action":"review_submit","actor_id":3,"target_id":2,"ip":"CLI","details":{"target_type":"chord_set","target_id":101,"song_id":"test-song-rev","review_type":"update_hd"}}
{"timestamp":"2026-09-26T13:23:00+02:00","action":"review_submit","actor_id":3,"target_id":3,"ip":"CLI","details":{"target_type":"chord_set","target_id":101,"song_id":"test-song-rev","review_type":"recommend"}}
{"timestamp":"2026-09-26T13:23:00+02:00","action":"review_approve","actor_id":4,"target_id":3,"ip":"CLI","details":{"review_type":"recommend","target_type":"chord_set","target_id":101,"song_id":"test-song-rev"}}
{"timestamp":"2026-09-26T13:23:00+02:00","action":"review_submit","actor_id":3,"target_id":4,"ip":"CLI","details":{"target_type":"chord_set","target_id":102,"song_id":"test-song-rev","review_type":"update_hd"}}
{"timestamp":"2026-09-26T13:23:00+02:00","action":"review_approve","actor_id":1,"target_id":4,"ip":"CLI","details":{"review_type":"update_hd","target_type":"chord_set","target_id":102,"song_id":"test-song-rev"}}
{"timestamp":"2026-09-26T13:23:00+02:00","action":"review_rollback_hd","actor_id":1,"target_id":1,"ip":"CLI","details":{"song_id":"test-song-rev","source_history_id":1}}
{"timestamp":"2026-09-26T13:23:00+02:00","action":"review_submit","actor_id":3,"target_id":5,"ip":"CLI","details":{"target_type":"chord_set","target_id":101,"song_id":"test-song-rev","review_type":"recommend"}}
{"timestamp":"2026-09-26T13:23:00+02:00","action":"review_reject","actor_id":4,"target_id":5,"ip":"CLI","details":{"reason":"Hợp âm ô nhịp 2 bị chói giọng với bè Nữ, vui lòng chỉnh lại","submitted_by":3}}
{"timestamp":"2026-09-26T13:23:00+02:00","action":"review_submit","actor_id":3,"target_id":6,"ip":"CLI","details":{"target_type":"chord_set","target_id":101,"song_id":"test-song-rev","review_type":"recommend"}}
{"timestamp":"2026-09-26T13:23:00+02:00","action":"review_withdraw","actor_id":3,"target_id":6,"ip":"CLI","details":[]}
{"timestamp":"2026-09-26T13:23:01+02:00","action":"user_create","actor_id":1,"target_id":100,"ip":"CLI","details":{"username":"test_leader_user","role":"leader","chord_code":"LEAD","instrument":"Chỉ huy \/ Piano","voice_part":"T"}}
{"timestamp":"2026-09-26T13:23:01+02:00","action":"user_profile_update","actor_id":1,"target_id":100,"ip":"CLI","details":{"display_name":"Ca Trưởng Đổi Bè","instrument":"Organ","chord_code":"LEAD","role":"leader","voice_part":"S","password_changed":false}}
{"timestamp":"2026-09-26T13:23:05+02:00","action":"service_plan_create","actor_id":1,"target_id":1,"ip":"CLI","details":{"title":"Thánh Lễ Chúa Nhật","scheduled_date":"2026-10-04","status":"draft"}}
{"timestamp":"2026-09-26T13:23:57+02:00","action":"user_profile_update","actor_id":7,"target_id":6,"ip":"::1","details":{"display_name":"Khách Xem","instrument":"Guitar","chord_code":"","role":"leader","voice_part":"T","password_changed":false}}
{"timestamp":"2026-09-26T13:23:58+02:00","action":"user_profile_update","actor_id":7,"target_id":6,"ip":"::1","details":{"display_name":"Khách Xem","instrument":"Guitar","chord_code":"","role":"viewer","voice_part":"T","password_changed":false}}
{"timestamp":"2026-09-26T13:24:08+02:00","action":"user_role_change","actor_id":7,"target_id":6,"ip":"::1","details":{"old_role":"viewer","new_role":"banhat"}}
{"timestamp":"2026-09-26T13:24:09+02:00","action":"user_role_change","actor_id":7,"target_id":6,"ip":"::1","details":{"old_role":"banhat","new_role":"viewer"}}
{"timestamp":"2026-09-26T13:24:15+02:00","action":"service_plan_create","actor_id":1,"target_id":141,"ip":"CLI","details":{"title":"Thánh Lễ Chúa Nhật E2E 261c48","scheduled_date":"2026-09-29","status":"draft"}}
{"timestamp":"2026-09-26T13:24:15+02:00","action":"assignment_create","actor_id":1,"target_id":141,"ip":"CLI","details":{"assignment_id":54,"user_id":1,"role":"Ca viên Bè S","notes":"Ghi chú tập bè"}}
{"timestamp":"2026-09-26T13:24:15+02:00","action":"service_plan_update","actor_id":1,"target_id":141,"ip":"CLI","details":{"status":"published"}}
{"timestamp":"2026-09-26T13:24:15+02:00","action":"service_plan_publish","actor_id":1,"target_id":141,"ip":"CLI","details":{"status":"published"}}
{"timestamp":"2026-09-26T13:24:19+02:00","action":"service_plan_create","actor_id":1,"target_id":142,"ip":"::1","details":{"title":"E2E Setlist Offline Test 1790421859250","scheduled_date":"2026-10-15","status":"draft"}}
{"timestamp":"2026-09-26T13:24:19+02:00","action":"service_plan_update","actor_id":1,"target_id":142,"ip":"::1","details":{"status":"published"}}
{"timestamp":"2026-09-26T13:24:19+02:00","action":"service_plan_publish","actor_id":1,"target_id":142,"ip":"::1","details":{"status":"published"}}
{"timestamp":"2026-09-26T13:24:20+02:00","action":"service_plan_delete","actor_id":1,"target_id":142,"ip":"::1","details":[]}
{"timestamp":"2026-09-26T13:24:20+02:00","action":"practice_assignment_create_adhoc","actor_id":1,"target_id":35,"ip":"CLI","details":{"song_id":"thanh-ca-001","targets":1}}
{"timestamp":"2026-09-26T13:24:28+02:00","action":"service_plan_create","actor_id":1,"target_id":143,"ip":"CLI","details":{"title":"E2E Test Setlist BPM 90 - 1790421868","scheduled_date":"2026-09-26","status":"draft"}}
{"timestamp":"2026-09-26T13:24:30+02:00","action":"service_plan_delete","actor_id":null,"target_id":143,"ip":"CLI","details":[]}
{"timestamp":"2026-09-26T13:24:31+02:00","action":"service_plan_create","actor_id":1,"target_id":144,"ip":"CLI","details":{"title":"E2E Test Setlist 5 Songs - 1790421871","scheduled_date":"2026-09-26","status":"draft"}}
{"timestamp":"2026-09-26T13:24:34+02:00","action":"service_plan_delete","actor_id":null,"target_id":144,"ip":"CLI","details":[]}
{"timestamp":"2026-09-26T13:24:45+02:00","action":"user_profile_update","actor_id":7,"target_id":6,"ip":"::1","details":{"display_name":"Khách Xem","instrument":"Guitar","chord_code":"","role":"leader","voice_part":"T","password_changed":false}}
{"timestamp":"2026-09-26T13:24:46+02:00","action":"user_profile_update","actor_id":7,"target_id":6,"ip":"::1","details":{"display_name":"Khách Xem","instrument":"Guitar","chord_code":"","role":"viewer","voice_part":"T","password_changed":false}}
{"timestamp":"2026-09-26T13:24:58+02:00","action":"user_role_change","actor_id":7,"target_id":6,"ip":"::1","details":{"old_role":"viewer","new_role":"banhat"}}
{"timestamp":"2026-09-26T13:24:58+02:00","action":"user_role_change","actor_id":7,"target_id":6,"ip":"::1","details":{"old_role":"banhat","new_role":"viewer"}}
{"timestamp":"2026-09-26T13:25:08+02:00","action":"service_plan_create","actor_id":1,"target_id":145,"ip":"CLI","details":{"title":"Thánh Lễ Chúa Nhật E2E 1cbf7a","scheduled_date":"2026-09-29","status":"draft"}}
{"timestamp":"2026-09-26T13:25:08+02:00","action":"assignment_create","actor_id":1,"target_id":145,"ip":"CLI","details":{"assignment_id":55,"user_id":1,"role":"Ca viên Bè S","notes":"Ghi chú tập bè"}}
{"timestamp":"2026-09-26T13:25:08+02:00","action":"service_plan_update","actor_id":1,"target_id":145,"ip":"CLI","details":{"status":"published"}}
{"timestamp":"2026-09-26T13:25:08+02:00","action":"service_plan_publish","actor_id":1,"target_id":145,"ip":"CLI","details":{"status":"published"}}
{"timestamp":"2026-09-26T13:25:11+02:00","action":"practice_assignment_create_adhoc","actor_id":1,"target_id":36,"ip":"CLI","details":{"song_id":"thanh-ca-001","targets":1}}
{"timestamp":"2026-09-26T13:25:18+02:00","action":"service_plan_create","actor_id":1,"target_id":146,"ip":"CLI","details":{"title":"E2E Test Setlist BPM 90 - 1790421918","scheduled_date":"2026-09-26","status":"draft"}}
{"timestamp":"2026-09-26T13:25:19+02:00","action":"service_plan_delete","actor_id":null,"target_id":146,"ip":"CLI","details":[]}
{"timestamp":"2026-09-26T13:25:20+02:00","action":"service_plan_create","actor_id":1,"target_id":147,"ip":"CLI","details":{"title":"E2E Test Setlist 5 Songs - 1790421920","scheduled_date":"2026-09-26","status":"draft"}}
{"timestamp":"2026-09-26T13:25:25+02:00","action":"service_plan_delete","actor_id":null,"target_id":147,"ip":"CLI","details":[]}
{"timestamp":"2026-09-26T13:29:50+02:00","action":"service_plan_create","actor_id":10,"target_id":1,"ip":"CLI","details":{"title":"Thánh Lễ Chúa Nhật Phụng Vụ","scheduled_date":"2026-10-01","status":"draft"}}
{"timestamp":"2026-09-26T13:29:50+02:00","action":"assignment_create","actor_id":10,"target_id":1,"ip":"CLI","details":{"assignment_id":1,"user_id":11,"role":"Ca viên Bè S","notes":null}}
{"timestamp":"2026-09-26T13:29:50+02:00","action":"assignment_create","actor_id":10,"target_id":1,"ip":"CLI","details":{"assignment_id":2,"user_id":12,"role":"Ca viên Bè A","notes":null}}
{"timestamp":"2026-09-26T13:29:50+02:00","action":"practice_assignment_create_from_plan","actor_id":10,"target_id":1,"ip":"CLI","details":{"assignments_count":2}}
{"timestamp":"2026-09-26T13:29:50+02:00","action":"practice_assignment_create_from_plan","actor_id":10,"target_id":1,"ip":"CLI","details":{"assignments_count":2}}
{"timestamp":"2026-09-26T13:29:50+02:00","action":"practice_assignment_create_adhoc","actor_id":10,"target_id":3,"ip":"CLI","details":{"song_id":"003-ngoi-gie-ho-va","targets":1}}
{"timestamp":"2026-09-26T13:29:50+02:00","action":"practice_assignment_create_adhoc","actor_id":10,"target_id":4,"ip":"CLI","details":{"song_id":"004-ha-le-lu-gia","targets":1}}
{"timestamp":"2026-09-26T13:29:51+02:00","action":"service_plan_create","actor_id":1,"target_id":1,"ip":"CLI","details":{"title":"Thánh Lễ Chúa Nhật","scheduled_date":"2026-10-04","status":"draft"}}
